,EFSA Q number,DOI,title,publication date,adoption date,EFSA panels,applicant,mandate,nf_name,scientific officers,categories,regulations
0,EFSA-Q-2018-00282,10.2903/j.efsa.2022.7325,Safety of frozen and freeze‐dried formulations of the lesser mealworm (Alphitobius diaperinus larva) as a Novel food pursuant to Regulation (EU) 2015/2283,04-07-2022,26 April 2022, NDA, Proti‐Farm Holding NV1 ,new dossier,frozen and freeze‐dried formulations of the lesser mealworm (Alphitobius diaperinus larva),Ermolaos Ververis,Animals,2015/2283
0,EFSA-Q-2017-00461,10.2903/j.efsa.2018.5265,Safety of d‐ribose as a novel food pursuant to Regulation (EU) 2015/2283,31-05-2018,18 April 2018, NDA," Bioenergy Lire Science, Inc. ",new dossier,d‐ribose,Andrea Germini,,
0,EFSA-Q-2019-00695,10.2903/j.efsa.2021.6938,Safety of Wolffia globosa powder as a Novel food pursuant to Regulation (EU) 2015/2283,22-12-2021,27 October 2021, NDA, ‘Hinoman’ ,new dossier,Wolffia globosa powder,Eirini Kouloura,Plants,2015/2283
0,EFSA-Q-2018-00596,10.2903/j.efsa.2019.5777,Safety of viable embryonated eggs of the whipworm Trichuris suis as a novel food pursuant to Regulation (EU) 2015/2283,01-08-2019,2 July 2019, NDA, Enteron Science GmbH ,new dossier,viable embryonated eggs of the whipworm Trichuris suis,"Antonio Fernandez, Antonio Dumont, Wolfgang Gelbmann",Animals,2015/2283
0,EFSA-Q-2018-00557,10.2903/j.efsa.2020.6099,Safety of a botanical extract derived from Panax notoginseng and Astragalus membranaceus (AstraGin™) as a novel food pursuant to Regulation (EU) 2015/2283,13-05-2020,24 March 2020, NDA, NuLiv Science ,new dossier,botanical extract derived from Panax notoginseng and Astragalus membranaceus (AstraGin™),Reinhard Ackerl,Plants,2015/2283
0,EFSA-Q-2018-00342,10.2903/sp.efsa.2018.EN-1481,Technical Report on the notification of syrup from Sorghum bicolor (L.) Moench as a traditional food from a third country pursuant to Article 14 of Regulation (EU) 2015/2283,25-09-2018,, EFSA,,traditional food,syrup from Sorghum bicolor (L.) Moench,"Wolfgang Gelbmann, Emanuela Turla, Eirini Kouloura",,
0,EFSA-Q-2014-00865,10.2903/j.efsa.2020.6135,Safety of the extension of use of plant sterol esters as a novel food pursuant to Regulation (EU) 2015/2283,30-06-2020,5 May 2020, NDA, Unilever Research and Development Vlaardingen B.V (now Upfield Research and Development B.V.) ,extension of use,plant sterol esters,Wolfgang Gelbmann,,
0,EFSA-Q-2019-00033,10.2903/j.efsa.2023.7706,Safety of whole seeds of oilseed rape (Brassica napus L emend. Metzg.) as a novel food pursuant to Regulation (EU) 2015/2283,12-01-2023,24 November 2022, NDA, the applicant “Erik Tybirk” ,new dossier,whole seeds of oilseed rape (Brassica napus L emend. Metzg.),"Antonio Fernandez, Antonio Dumont",,
0,EFSA-Q-2007-078,10.2903/j.efsa.2008.728,"Safety of ‘synthetic Zeaxanthin as an ingredient in food supplements’ ‐ Scientific Opinion of the Panel on Dietetic Products, Nutrition and Allergies",25-06-2008,24 April 2008, EFSA NDA,,new dossier,‘synthetic Zeaxanthin as an ingredient in food supplements’,,6 (Production process),97/618/EC
0,EFSA-Q-2015-00613,10.2903/j.efsa.2016.4629,Safety of synthetic l‐ergothioneine (Ergoneine®) as a novel food pursuant to Regulation (EC) No 258/97,18-11-2016,26 October 2016, NDA, Tetrahedron ,new dossier,synthetic l‐ergothioneine (Ergoneine®),Reinhard Ackerl,1.2 (Chemicals),97/618/EC
0,EFSA-Q-2020-00111,10.2903/j.efsa.2021.6936,Safety of tetrahydrocurcuminoids from turmeric (Curcuma longa L.) as a novel food pursuant to Regulation (EU) 2015/2283,22-12-2021,27 October 2021, NDA, Sabinsa Europe GmbH ,new dossier,tetrahydrocurcuminoids from turmeric (Curcuma longa L.),"Reinhard Ackerl, Eirini Kouloura","Plants, Modified molecular structure",2015/2283
0,EFSA-Q-2020-00623,10.2903/j.efsa.2022.7645,Safety of 6′‐sialyllactose (6’‐SL) sodium salt produced by derivative strains of Escherichia coli BL21 (DE3) as a novel food pursuant to Regulation (EU) 2015/2283,07-12-2022,26 October 2022, NDA, Chr. Hansen A/S ,new dossier,6′‐sialyllactose (6’‐SL) sodium salt produced by derivative strains of Escherichia coli BL21 (DE3),"Paolo Colombo, Estefania Fernandez, Estefania Noriega","Microorganisms, fungi or algae, Modified molecular structure",2015/2283
0,EFSA-Q-2014-00862,10.2903/j.efsa.2015.4183,Safety of lacto‐N‐neotetraose as a novel food ingredient pursuant to Regulation (EC) No 258/97,20-07-2015,29 June 2015, NDA,,new dossier,lacto‐N‐neotetraose,,,
0,EFSA-Q-2011-00990,10.2903/j.efsa.2014.3757,Scientific Opinion on the safety of astaxanthin‐rich ingredients (AstaREAL A1010 and AstaREAL L10) as novel food ingredients,15-07-2014,25 June 2014, NDA,,new dossier,astaxanthin‐rich ingredients (AstaREAL A1010 and AstaREAL L10),,2.1 (Complex NF),97/618/EC
0,EFSA-Q-2016-00518,10.2903/j.efsa.2017.5003,Safety of Ecklonia cava phlorotannins as a novel food pursuant to Regulation (EC) No 258/97,16-10-2017,20 September 2017, NDA," Botamedi Inc., Korea, ",new dossier,Ecklonia cava phlorotannins,Reinhard Ackerl,,
0,EFSA-Q-2015-00249,10.2903/j.efsa.2016.4589,Safety of EstroG‐100™ as a novel food pursuant to Regulation (EC) No 258/97,24-10-2016,21 September 2016, NDA," Naturalendo Tech Co., Ltd ",new dossier,EstroG‐100™,Emanuela Turla,2.2 (Complex NF),97/618/EC
0,EFSA-Q-2011-00974,10.2903/j.efsa.2012.2811,Scientific Opinion on bovine lactoferrin,17-07-2012,28 June 2012, NDA,,new dossier,,,2.1 (Complex NF),97/618/EC
0,EFSA-Q-2019-00759,10.2903/j.efsa.2022.7380,Safety of freeze‐dried mycelia of Antrodia camphorata as a novel food pursuant to regulation (EU) 2015/2283,29-06-2022,18 May 2022, NDA, ‘Golden Biotechnology Corp’ (Taiwan) ,new dossier,freeze‐dried mycelia of Antrodia camphorata,Emanuela Turla,Cell and tissue,2015/2283
0,EFSA-Q-2004-013,10.2903/j.efsa.2006.304,"Opinion of the Scientific Panel on Dietetic products, nutrition and allergies [NDA] related to rapeseed oil high in unsaponifiable matter as a novel food ingredient",12-01-2006,6 December 2005, EFSA NDA,,new dossier,,,"f (Production process), 6 (Production process)","258/97, 97/618/EC"
0,EFSA-Q-2019-00101,10.2903/j.efsa.2021.6778,Safety of frozen and dried formulations from whole yellow mealworm (Tenebrio molitor larva) as a novel food pursuant to Regulation (EU) 2015/2283,25-08-2021,7 July 2021, NDA, Fair Insects BV (A Protix Company) ,new dossier,frozen and dried formulations from whole yellow mealworm (Tenebrio molitor larva),Ermolaos Ververis,Animals,2015/2283
0,EFSA-Q-2021-00168,10.2903/j.efsa.2023.8415,Safety of oil from Schizochytrium sp. (strain CABIO‐A‐2) for use in infant and follow‐on formula as a novel food pursuant to Regulation (EU) 2015/2283,06-12-2023,26 October 2023, NDA," CABIO Biotech (Wuhan) Co., Ltd. ",new dossier,oil from Schizochytrium sp. (strain CABIO‐A‐2) for use in infant and follow‐on formula,Emanuela Turla,"Microorganisms, fungi or algae",2015/2283
0,EFSA-Q-2019-00345,10.2903/sp.efsa.2019.EN-1715,Technical Report on the notification of pulp from Theobroma cacao L. as a traditional food from a third country pursuant to Article 14 of Regulation (EU) 2015/2283,10-10-2019,, EFSA,,traditional food,pulp from Theobroma cacao L.,"Wolfgang Gelbmann, Emanuela Turla",,
0,EFSA-Q-2018-00374,10.2903/j.efsa.2019.5717,Safety of 2’‐fucosyllactose/difucosyllactose mixture as a novel food pursuant to Regulation (EU) 2015/2283,11-06-2019,15 May 2019, NDA, Glycom A/S ,new dossier,2’‐fucosyllactose/difucosyllactose mixture,"Qingqing Sun, Emanuela Turla","Microorganisms, fungi or algae, Modified molecular structure",2015/2283
0,EFSA-Q-2021-00475,10.2903/sp.efsa.2022.EN-7084,Notification of dried flowers of Clitoria ternatea L. as a traditional food from a third country pursuant to Article 14 of Regulation (EU) 2015/2283,02-02-2022,, EFSA,,traditional food,dried flowers of Clitoria ternatea L.,"Wolfgang Gelbmann, Eirini Kouloura, Emanuela Turla",,
0,EFSA-Q-2019-00213,10.2903/j.efsa.2020.6197,Safety of rapeseed powder from Brassica rapa L. and Brassica napus L. as a Novel food pursuant to Regulation (EU) 2015/2283,30-07-2020,30 June 2020, NDA, Avena Nordic Grain Oy ,new dossier,rapeseed powder from Brassica rapa L. and Brassica napus L.,Antonio Dumont,Plants,2015/2283
0,EFSA-Q-2016-00488,10.2903/j.efsa.2017.4918,Safety of synthetic N‐acetyl‐d‐neuraminic acid as a novel food pursuant to Regulation (EC) No 258/97,25-07-2017,28 June 2017, NDA, Glycom A/S ,new dossier,synthetic N‐acetyl‐d‐neuraminic acid,Emanuela Turla,1.2 (Chemicals),97/618/EC
0,EFSA-Q-2018-00996,10.2903/j.efsa.2019.5659,Safety of whey basic protein isolate for extended uses in foods for special medical purposes and food supplements for infants pursuant to Regulation (EU) 2015/2283,09-04-2019,14 March 2019, NDA, Armor Protéines S.A.S. ,extension of use,,,,
0,EFSA-Q-2021-00004,10.2903/sp.efsa.2021.EN-6657,Technical Report on the notification of cherry pulp from Coffea arabica L. and Coffea canephora Pierre ex A. Froehner as a traditional food from a third country following Article 14 of Regulation (EU) 2015/2283,27-05-2021,, EFSA,,traditional food,cherry pulp from Coffea arabica L. and Coffea canephora Pierre ex A. Froehner,"Wolfgang Gelbmann, Eirini Kouloura, Emanuela Turla",,
0,EFSA-Q-2020-00488,10.2903/j.efsa.2023.8065,Safety of apple fruit cell culture biomass as a novel food pursuant to Regulation (EU) 2015/2283,24-07-2023,24 May 2023, NDA, Mibelle Group Biochemistry ,new dossier,apple fruit cell culture biomass,Wolfgang Gelbmann,Cell and tissue,2015/2283
0,EFSA-Q-2021-00551,10.2903/j.efsa.2023.7904,Safety of the extension of use of partially defatted chia seed (Salvia hispanica L.) powder with a high fibre content as a novel food pursuant to Regulation (EU) 2015/2283,20-04-2023,27 February 2023, NDA," Functional Products Trading Arica S.A./BENEXIA, Chile, ",extension of use,partially defatted chia seed (Salvia hispanica L.) powder with high fibre content,"Wolfgang Gelbmann, Ruth Roldan Torres",Plants,2015/2283
0,EFSA-Q-2019-00812,10.2903/j.efsa.2021.6346,Safety of water extract of Cistanche tubulosa stems as a Novel food pursuant to Regulation (EU) 2015/2283,15-01-2021,24 November 2020, NDA," Sinphar Tian‐Li Pharmaceutical Co., Ltd. ",new dossier,water extract of Cistanche tubulosa stems,Wolfgang Gelbmann,,
0,EFSA-Q-2020-00289,10.2903/j.efsa.2021.6843,Extension of use of nicotinamide riboside chloride as a novel food pursuant to Regulation (EU) 2015/2283,12-11-2021,14 September 2021, NDA, ChromaDex Inc. ,extension of use,nicotinamide riboside chloride,"Océane Albert, Agnès de sesmaisons",,
0,EFSA-Q-2019-00593,10.2903/j.efsa.2023.7995,Safety of paramylon as a novel food pursuant to Regulation (EU) 2015/2283,26-05-2023,28 March 2023, NDA, Kemin Foods L.C. ,new dossier,paramylon,Reinhard Ackerl,"Microorganisms, fungi or algae",2015/2283
0,EFSA-Q-2019-00254,10.2903/j.efsa.2020.6243,Safety of chia seeds (Salvia hispanica L.) subject to thermal processing in relation to the formation of process contaminants as a novel food for extended uses,21-09-2020,31 August 2020, NDA," pseudocereals and/or pulses.
The requests for extensions of use which were ",extension of use,chia seeds (Salvia hispanica L.) subject to thermal processing in relation to the formation of process contaminants,"Wolfgang Gelbmann, Leonard Matijevic",,
0,EFSA-Q-2018-00480,10.2903/j.efsa.2019.5775,"Safety of nicotinamide riboside chloride as a novel food pursuant to Regulation (EU) 2015/2283 and bioavailability of nicotinamide from this source, in the context of Directive 2002/46/EC",07-08-2019,4 July 2019, NDA," ChromaDex Inc., ","new dossier, nutrient source",nicotinamide riboside chloride,Andrea Germini,,
0,EFSA-Q-2018-00997,10.2903/j.efsa.2019.5658,Safety of betaine as a novel food pursuant to Regulation (EU) 2015/2283,05-04-2019,14 March 2019, NDA," DuPont Nutritional Biosciences ApS, ",new dossier,betaine,Emanuela Turla,,
0,EFSA-Q-2006-186,10.2903/j.efsa.2008.675,"Safety of lycopene oleoresin from tomatoes ‐ Scientific Opinion of the Panel on Scientific Panel on Dietetic Products, Nutrition and Allergies",30-04-2008,24 April 2008, EFSA NDA,,new dossier,lycopene oleoresin from tomatoes,,2.1 (Complex NF),97/618/EC
0,"EFSA-Q-2018-00224,EFSA-Q-2018-00344,EFSA-Q-2018-00681,EFSA-Q-2018-00682,EFSA-Q-2018-00683,EFSA-Q-2018-00684,EFSA-Q-2018-00686",10.2903/j.efsa.2019.5657,Safety of chia seeds (Salvia hispanica L.) as a novel food for extended uses pursuant to Regulation (EU) 2015/2283,17-04-2019,14 March 2019, NDA, Sanchis Mira S.A. ,extension of use,chia seeds (Salvia hispanica L.),"Wolfgang Gelbmann, Leonard Matijevic",,
0,EFSA-Q-2021-00445,10.2903/j.efsa.2023.8224,Safety of 3′‐sialyllactose (3′‐SL) sodium salt produced by a derivative strain (Escherichia coli NEO3) of E. coli W (ATCC 9637) as a Novel Food pursuant to Regulation (EU) 2015/2283,21-09-2023,3 August 2023, NDA," Kyowa Hakko Bio Co., Ltd. ",new dossier,3′‐sialyllactose (3′‐SL) sodium salt produced by derivative strain (Escherichia coli NEO3) of E. coli W (ATCC 9637),"Paolo Colombo, Estefania Fernandez, Estefania Noriega","Microorganisms, fungi or algae, Modified molecular structure",2015/2283
0,EFSA-Q-2020-00630,10.2903/j.efsa.2022.7242,Safety of lacto‐N‐tetraose (LNT) produced by derivative strains of Escherichia coli BL21 (DE3) as a Novel Food pursuant to Regulation (EU) 2015/2283,16-05-2022,23 March 2022, NDA, Chr. Hansen A/S ,new dossier,lacto‐N‐tetraose (LNT) produced by derivative strains of Escherichia coli BL21 (DE3),"Paolo Colombo, Estefania Fernandez, Estefania Noriega","Microorganisms, fungi or algae, Modified molecular structure",2015/2283
0,EFSA-Q-2020-00211,10.2903/j.efsa.2021.6384,Safety of a change in the conditions of use of galacto‐oligosaccharides as a novel food ingredient in food supplements pursuant to Regulation (EU) 2015/2283,27-01-2021,17 December 2020, NDA," Yakult Pharmaceutical Industry Co., Ltd. ",new dossier,change in the conditions of use of galacto‐oligosaccharides,Paolo Colombo,"Microorganisms, fungi or algae, Modified molecular structure",2015/2283
0,EFSA-Q-2012-00613,10.2903/j.efsa.2013.3260,Scientific Opinion on Rooster Combs Extract,21-06-2013,31 May 2013, NDA,,new dossier,,,2.1 (Complex NF),97/618/EC
0,EFSA-Q-2011-00770,10.2903/j.efsa.2011.2473,Statement on the safety of glucosamine for patients receiving coumarin anticoagulants,08-12-2011,25 November 2011, NDA,,new dossier,,,,
0,EFSA-Q-2020-00284,10.2903/j.efsa.2021.6846,Safety of mung bean protein as a novel food pursuant to Regulation (EU) 2015/2283,20-10-2021,14 September 2021, NDA," Eat Just, Inc ",new dossier,mung bean protein,Antonio Fernandez,Plants,2015/2283
0,EFSA-Q-2020-00491,10.2903/j.efsa.2023.8416,Safety of an extension of use of Yarrowia lipolytica yeast biomass as a novel food pursuant to Regulation (EU) 2015/2283,29-11-2023,26 October 2023, NDA, Skotan S.A. ,extension of use,Yarrowia lipolytica yeast biomass,Reinhard Ackerl,,
0,EFSA-Q-2019-00187,10.2903/j.efsa.2021.6344,Safety of oil from Schizochytrium limacinum (strain FCC‐3204) for use in infant and follow‐on formula as a novel food pursuant to Regulation (EU) 2015/2283,19-01-2021,24 November 2020, NDA, Fermentalg ,new dossier,oil from Schizochytrium limacinum (strain FCC‐3204) for use in infant and follow‐on formula,Emanuela Turla,"Microorganisms, fungi or algae",2015/2283
0,EFSA-Q-2018-00278,10.2903/j.efsa.2019.5824,Safety of heat‐killed Mycobacterium setense manresensis as a novel food pursuant to Regulation (EU) 2015/2283,11-11-2019,19 September 2019, NDA," Nutraveris/Laboratorio Reig Jofre, S.A. ",new dossier,heat‐killed Mycobacterium setense manresensis,"Qingqing Sun, Wolfgang Gelbmann",,
0,EFSA-Q-2019-00306,10.2903/j.efsa.2020.6242,Safety of Schizochytrium sp. oil as a novel food pursuant to Regulation (EU) 2015/2283(a),19-10-2020,31 August 2020, NDA, Progress Biotech bv ,new dossier,Schizochytrium sp. oil,Lucien Ferreira,"Microorganisms, fungi or algae",2015/2283
0,EFSA-Q-2014-00295,10.2903/j.efsa.2015.3956,Scientific Opinion on the safety of ‘heat‐treated milk products fermented with Bacteroides xylanisolvens DSM 23964’ as a novel food,09-01-2015,10 December 2014, NDA,,new dossier,‘heat‐treated milk products fermented with Bacteroides xylanisolvens DSM 23964’,,2.2 (Complex NF),97/618/EC
0,EFSA-Q-2012-00649,10.2903/j.efsa.2013.3261,Statement on the safety of ‘Cetyl Myristoleate Complex’ as an ingredient in food supplements,21-06-2013,31 May 2013, NDA,,new dossier,,,,
0,EFSA-Q-2016-00287,10.2903/j.efsa.2017.5057,Safety of betaine as a novel food pursuant to Regulation (EC) No 258/97,17-11-2017,25 October 2017, NDA, DuPont Nutritional & Biosciences ApS ,new dossier,betaine,Emanuela Turla,1.1 (Chemicals),97/618/EC
0,EFSA-Q-2018-00514,10.2903/j.efsa.2021.6660,Safety of calcidiol monohydrate produced by chemical synthesis as a novel food pursuant to Regulation (EU) 2015/2283,01-07-2021,25 May 2021, NDA, DSM Nutritional Products Ltd. ,new dossier,calcidiol monohydrate produced by chemical synthesis,"Céline Dumas, Ruth Roldan Torres",,
0,EFSA-Q-2009-00749,10.2903/j.efsa.2011.2287,"Scientific Opinion on the safety of ‘Glavonoid®’, an extract derived from the roots or rootstock of Glycyrrhiza glabra L., as a Novel Food ingredient",21-07-2011,30 June 2011, NDA,,new dossier,"‘Glavonoid®’, an extract derived from the roots or rootstock of Glycyrrhiza glabra L.,",,2.1 (Complex NF),97/618/EC
0,EFSA-Q-2015-00132,10.2903/j.efsa.2016.4370,Safety of UV‐treated milk as a novel food pursuant to Regulation (EC) No 258/97,11-01-2016,10 December 2015, NDA,,new dossier,UV‐treated milk,,6 (Production process),97/618/EC
0,EFSA-Q-2009-00750,10.2903/j.efsa.2010.1600,Scientific Opinion on the safety of “conjugated linoleic acid (CLA)‐rich oil” (Tonalin® TG 80) as a Novel Food ingredient,21-05-2010,30 April 2010, NDA,,new dossier,“conjugated linoleic acid (CLA)‐rich oil” (Tonalin® TG 80),,2.1 (Complex NF),97/618/EC
0,EFSA-Q-2021-00584,10.2903/sp.efsa.2022.EN-7197,Technical Report on the notification of xuta (edible variety of Jatropha curcas L.) roasted and ground seed kernels as a traditional food from a third country pursuant to Article 14 of Regulation (EU) 2015/2283,08-03-2022,, EFSA,,traditional food,xuta (edible variety of Jatropha curcas L.) roasted and ground seed kernels,"Wolfgang Gelbmann, Eirini Kouloura, Emanuela Turla, Paolo Colombo",,
0,"EFSA-Q-2018-00224,EFSA-Q-2018-00344,EFSA-Q-2018-00681,EFSA-Q-2018-00682,EFSA-Q-2018-00683,EFSA-Q-2018-00684,EFSA-Q-2018-00686",10.2903/j.efsa.2019.5657,Safety of chia seeds (Salvia hispanica L.) as a novel food for extended uses pursuant to Regulation (EU) 2015/2283,17-04-2019,14 March 2019, NDA, Sanchis Mira S.A. ,extension of use,chia seeds (Salvia hispanica L.),"Wolfgang Gelbmann, Leonard Matijevic",,
0,EFSA-Q-2013-00080,10.2903/j.efsa.2013.3421,Scientific Opinion on the safety of “citicoline” as a Novel Food ingredient,24-10-2013,10 October 2013, NDA,,new dossier,“citicoline”,,1.1 (Chemicals),97/618/EC
0,EFSA-Q-2019-00666,10.2903/j.efsa.2021.6662,Safety of 3‐FL (3‐Fucosyllactose) as a novel food pursuant to Regulation (EU) 2015/2283,30-06-2021,25 May 2021, NDA, DuPont Nutrition & Biosciences ApS ,new dossier,3‐FL (3‐Fucosyllactose),Paolo Colombo,"Microorganisms, fungi or algae, Modified molecular structure",2015/2283
0,EFSA-Q-2018-00589,10.2903/j.efsa.2019.5907,Safety of lacto‐N‐tetraose (LNT) as a novel food pursuant to Regulation (EU) 2015/2283,03-12-2019,30 October 2019, NDA, Glycom A/S ,new dossier,lacto‐N‐tetraose (LNT),Paolo Colombo,"Microorganisms, fungi or algae, Modified molecular structure",2015/2283
0,EFSA-Q-2020-00806,10.2903/j.efsa.2023.8064,Safety of partially hydrolysed protein from spent barley (Hordeum vulgare) and rice (Oryza sativa) as a novel food pursuant to Regulation (EU) 2015/2283,01-09-2023,24 May 2023, NDA," Evergrain, LLC ",new dossier,partially hydrolysed protein from spent barley (Hordeum vulgare) and rice (Oryza sativa),"Panagiota Zakidou, Vania Mendes, Ermolaos Ververis",Plants,2015/2283
0,EFSA-Q-2020-00538,10.2903/j.efsa.2022.7204,Safety of Beta‐lactoglobulin as a Novel food pursuant to Regulation (EU) 2015/2283,08-04-2022,28 February 2022, NDA, Arla Foods Ingredients Group P/S ,new dossier,Beta‐lactoglobulin,"Antonio Fernandez, Antonio Dumont, Estefania Fernandez, Estefania Noriega",Animals,2015/2283
0,EFSA-Q-2013-00231,10.2903/j.efsa.2013.3420,Scientific Opinion on the safety of “rapeseed protein isolate” as a Novel Food ingredient,25-10-2013,10 October 2013, NDA,,new dossier,“rapeseed protein isolate”,,2.1 (Complex NF),97/618/EC
0,EFSA-Q-2018-00995,10.2903/j.efsa.2021.6845,Safety of water lentil powder from Lemnaceae as a Novel Food pursuant to Regulation (EU) 2015/2283,15-11-2021,14 September 2021, NDA, Parabel Ltd ,new dossier,water lentil powder from Lemnaceae,Eirini Kouloura,Plants,2015/2283
0,EFSA-Q-2019-00091,10.2903/j.efsa.2023.8072,Safety of an ethanolic extract of the dried biomass of the microalga Phaeodactylum tricornutum as a novel food pursuant to Regulation (EU) 2015/2283,12-07-2023,24 May 2023, NDA, Microphyt ,new dossier,an ethanolic extract of the dried biomass of the microalga Phaeodactylum tricornutum,"Alejandra Muñoz Gonzalez, Annamaria Rossi, Ermolaos Ververis",,
0,EFSA-Q-2008-008,10.2903/j.efsa.2009.996,Opinion on the safety of ‘Chia seeds (Salvia hispanica L.) and ground whole Chia seeds’ as a food ingredient,03-04-2009,13 March 2009, EFSA,,new dossier,‘Chia seeds (Salvia hispanica L.) and ground whole Chia seeds’,,2.2 (Complex NF),97/618/EC
0,EFSA-Q-2009-00766,10.2903/j.efsa.2010.1684,Scientific Opinion on the safety of ‘sardine Peptide Product’,30-07-2010,9 July 2010, NDA,,new dossier,,,2.1 (Complex NF),97/618/EC
0,EFSA-Q-2007-123,10.2903/j.efsa.2008.770,"Safety of ‘fungal oil from Mortierella alpina’ ‐ Scientific Opinion of the Panel on Dietetic Products, Nutrition and Allergies",11-08-2008,10 July 2008, EFSA NDA,,new dossier,‘fungal oil from Mortierella alpina’,,2.1 (Complex NF),97/618/EC
0,"EFSA-Q-2005-179,EFSA-Q-2007-079",10.2903/j.efsa.2008.822,"Vitamin K2 added for nutritional purposes in foods for particular nutritional uses, food supplements and foods intended for the general population and Vitamin K2 as a source of vitamin K added for nutritional purposes to foodstuffs, in the context of Regulation (EC) N° 258/97 ‐ Scientific Opinion of the Panel on Dietetic Products, Nutrition and Allergies",14-11-2008,2 October 2008, EFSA NDA,,"new dossier, nutrient source",,,2.1 (Complex NF),97/618/EC
0,EFSA-Q-2021-00643,10.2903/j.efsa.2023.8334,Safety of the extension of use of 2′‐fucosyllactose (2′‐FL) as a novel food pursuant to Regulation (EU) 2015/2283,09-11-2023,26 September 2023, NDA, Chr. Hansen A/S ,extension of use,2′‐fucosyllactose (2′‐FL),"Paolo Colombo, Estefania Fernandez, Estefania Noriega","Microorganisms, fungi or algae, Modified molecular structure",2015/2283
0,EFSA-Q-2014-00166,10.2903/j.efsa.2014.3758,Statement on the safety of ‘Cetyl Myristoleate Complex’ as an ingredient in food supplements,15-07-2014,25 June 2014, NDA,,new dossier,,,,
0,EFSA-Q-2019-00767,10.2903/j.efsa.2021.6780,Safety of pasteurised Akkermansia muciniphila as a novel food pursuant to Regulation (EU) 2015/2283,01-09-2021,7 July 2021, NDA," A‐Mansia Biotech S.A., ",new dossier,pasteurised Akkermansia muciniphila,Reinhard Ackerl,"Microorganisms, fungi or algae",2015/2283
0,EFSA-Q-2016-00091,10.2903/j.efsa.2017.5002,Safety of dried aerial parts of Hoodia parviflora as a novel food pursuant to Regulation (EC) No 258/97,19-10-2017,20 September 2017, NDA," Desert Labs, Ltd of Israel ",new dossier,dried aerial parts of Hoodia parviflora,Reinhard Ackerl,2.2 (Complex NF),97/618/EC
0,EFSA-Q-2019-00203,10.2903/sp.efsa.2019.EN-1685,Technical Report on the notification of powder or juice concentrate of berries of Aristotelia chilensis as a traditional food from a third country pursuant to Article 14 of Regulation (EU) 2015/2283,16-09-2019,, EFSA,,traditional food,powder or juice concentrate of berries of Aristotelia chilensis,"Wolfgang Gelbmann, Emanuela Turla",,
0,EFSA-Q-2018-00106,10.2903/j.efsa.2021.6937,Safety of Eurycoma longifolia (Tongkat Ali) root extract as a novel food pursuant to Regulation (EU) 2015/2283,22-12-2021,27 October 2021, NDA, Biotropics Malaysia Berhad ,new dossier,Eurycoma longifolia (Tongkat Ali) root extract,Leonard Matijevic,,
0,EFSA-Q-2007-181,10.2903/j.efsa.2009.998,Opinion on the safety of Tahitian Noni® ‘Morinda citrifolia (noni) fruit puree and concentrate’ as a novel food ingredient,03-04-2009,13 March 2009, EFSA,,new dossier,Tahitian Noni® ‘Morinda citrifolia (noni) fruit puree and concentrate’,,2.2 (Complex NF),97/618/EC
0,EFSA-Q-2020-00500,10.2903/j.efsa.2022.7647,Safety of 2′‐fucosyllactose (2’‐FL) produced by a derivative strain (APC199) of Corynebacterium glutamicum ATCC 13032 as a novel food pursuant to Regulation (EU) 2015/2283,14-12-2022,26 October 2022, NDA, Advanced Protein Technologies Corporation ,new dossier,2′‐fucosyllactose (2’‐FL) produced by derivative strain (APC199) of Corynebacterium glutamicum ATCC 13032,"Paolo Colombo, Estefania Fernandez, Estefania Noriega","Microorganisms, fungi or algae, Modified molecular structure",2015/2283
0,EFSA-Q-2015-00052,10.2903/j.efsa.2015.4184,Safety of 2′‐O‐fucosyllactose as a novel food ingredient pursuant to Regulation (EC) No 258/97,20-07-2015,29 June 2015, NDA,,new dossier,2′‐O‐fucosyllactose,,1.2 (Chemicals),97/618/EC
0,EFSA-Q-2019-00548,10.2903/j.efsa.2022.7083,Safety of oil from Schizochytrium sp. (strain ATCC 20889) for use in infant and follow‐on formula as a novel food pursuant to Regulation (EU) 2015/2283,31-01-2022,16 December 2021, NDA, Bioplus Life Sciences ,new dossier,oil from Schizochytrium sp. (strain ATCC 20889) for use in infant and follow‐on formula,Emanuela Turla,"Microorganisms, fungi or algae",2015/2283
0,EFSA-Q-2020-00655,10.2903/j.efsa.2022.7450,Safety of an extension of use of Yarrowia lipolytica yeast biomass as a novel food pursuant to Regulation (EU) 2015/2283,28-07-2022,1 July 2022, NDA, Skotan S.A. ,extension of use,Yarrowia lipolytica yeast biomass,Reinhard Ackerl,,
0,EFSA-Q-2015-00469,10.2903/j.efsa.2017.4776,Safety of alginate‐konjac‐xanthan polysaccharide complex (PGX) as a novel food pursuant to Regulation (EC) No 258/97,08-05-2017,4 April 2017, NDA, InovoBiologic Inc. ,new dossier,alginate‐konjac‐xanthan polysaccharide complex (PGX),Emanuela Turla,2.1 (Complex NF),97/618/EC
0,EFSA-Q-2014-00218,10.2903/j.efsa.2014.3843,Scientific Opinion on the extension of use for DHA and EPA‐rich algal oil from Schizochytrium sp. as a Novel Food ingredient,09-10-2014,18 September 2014, NDA,,extension of use,,,,
0,"EFSA-Q-2018-00224,EFSA-Q-2018-00344,EFSA-Q-2018-00681,EFSA-Q-2018-00682,EFSA-Q-2018-00683,EFSA-Q-2018-00684,EFSA-Q-2018-00686",10.2903/j.efsa.2019.5657,Safety of chia seeds (Salvia hispanica L.) as a novel food for extended uses pursuant to Regulation (EU) 2015/2283,17-04-2019,14 March 2019, NDA, Sanchis Mira S.A. ,extension of use,chia seeds (Salvia hispanica L.),"Wolfgang Gelbmann, Leonard Matijevic",,
0,EFSA-Q-2021-00194,10.2903/sp.efsa.2021.EN-6808,Technical Report on the notification of dried cherry pulp from Coffea arabica L. and Coffea canephora Pierre ex A. Froehner as a traditional food from a third country pursuant to Article 14 of Regulation (EU) 2015/2283,02-09-2021,, EFSA,,traditional food,dried cherry pulp from Coffea arabica L. and Coffea canephora Pierre ex A. Froehner,"Wolfgang Gelbmann, Eirini Kouloura, Emanuela Turla",,
0,"EFSA-Q-2018-00373,EFSA-Q-2018-00685",10.2903/j.efsa.2019.5716,"Safety of chia seeds (Salvia hispanica L.) powders, as novel foods, pursuant to Regulation (EU) 2015/2283",12-06-2019,15 May 2019, NDA, Access Business Group International LLC ,new dossier,"chia seeds (Salvia hispanica L.) powders,",Leonard Matijevic,,
0,EFSA-Q-2010-00953,10.2903/j.efsa.2011.2127,Scientific Opinion on the safety of a “novel chewing gum base (Rev‐7®)” as a Novel Food ingredient,11-04-2011,25 March 2011, NDA,,new dossier,“novel chewing gum base (Rev‐7®)”,,1.2 (Chemicals),97/618/EC
0,EFSA-Q-2008-073,10.2903/j.efsa.2008.768,"Safety of ‘Ice Structuring Protein (ISP) ‐ Scientific Opinion of the Panel on Dietetic Products, Nutrition and Allergies and of the Panel on Genetically Modified Organisms",08-08-2008,9 July 2008, EFSA NDA GMO,,new dossier,‘Ice Structuring Protein (ISP),,5.1 (Microogranisms),97/618/EC
0,EFSA-Q-2006-185,10.2903/j.efsa.2008.769,"Safety of ‘leaves from Morinda citrifolia L.’ ‐ Scientific Opinion of the Panel on Dietetic Products, Nutrition and Allergies",11-08-2008,10 July 2008, EFSA NDA,,new dossier,‘leaves from Morinda citrifolia L.’,,2.2 (Complex NF),97/618/EC
0,EFSA-Q-2021-00088EFSA-Q-2021-00089,10.2903/j.efsa.2022.7257,Safety of the extension of use of 2’‐fucosyllactose (2’‐FL) and lacto‐N‐neotetraose (LNnT) as novel foods in food supplements for infants pursuant to Regulation (EU) 2015/2283,04-05-2022,23 March 2022, NDA, Glycom A/S ,extension of use,2’‐fucosyllactose (2’‐FL) and lacto‐N‐neotetraose (LNnT),"Paolo Colombo, Estefania Fernandez, Estefania Noriega","Microorganisms, fungi or algae, Modified molecular structure",2015/2283
0,EFSA-Q-2009-00762,10.2903/j.efsa.2010.1687,Scientific Opinion on the safety of ‘Chitin‐glucan’ as a Novel Food ingredient,30-07-2010,9 July 2010, NDA,,new dossier,‘Chitin‐glucan’,,2.1 (Complex NF),97/618/EC
0,EFSA-Q-2015-00763,10.2903/j.efsa.2017.4681,Safety of proline‐specific oligopeptidase as a novel food pursuant to Regulation (EC) No 258/97,15-02-2017,13 December 2016, NDA, DSM Food Specialties ,new dossier,proline‐specific oligopeptidase,Wolfgang Gelbmann,5.2 (Microorganisms),97/618/EC
0,EFSA-Q-2010-00952,10.2903/j.efsa.2011.2137,Scientific Opinion on the safety of ‘yeast beta‐glucans’ as a Novel Food ingredient,10-05-2011,8 April 2011, NDA,,new dossier,‘yeast beta‐glucans’,,2.1 (Complex NF),97/618/EC
0,EFSA-Q-2020-00263,10.2903/j.efsa.2022.7332,Safety of zinc l‐carnosine as a Novel food pursuant to Regulation (EU) 2015/2283 and the bioavailability of zinc from this source in the context of Directive 2002/46/EC on food supplements,10-06-2022,29 April 2022, NDA," Hamari Chemicals, Ltd. ","new dossier, nutrient source",zinc l‐carnosine,Ruth Roldan Torres,,
0,"EFSA-Q-2018-00224,EFSA-Q-2018-00344,EFSA-Q-2018-00681,EFSA-Q-2018-00682,EFSA-Q-2018-00683,EFSA-Q-2018-00684,EFSA-Q-2018-00686",10.2903/j.efsa.2019.5657,Safety of chia seeds (Salvia hispanica L.) as a novel food for extended uses pursuant to Regulation (EU) 2015/2283,17-04-2019,14 March 2019, NDA, Sanchis Mira S.A. ,extension of use,chia seeds (Salvia hispanica L.),"Wolfgang Gelbmann, Leonard Matijevic",,
0,"EFSA-Q-2018-00224,EFSA-Q-2018-00344,EFSA-Q-2018-00681,EFSA-Q-2018-00682,EFSA-Q-2018-00683,EFSA-Q-2018-00684,EFSA-Q-2018-00686",10.2903/j.efsa.2019.5657,Safety of chia seeds (Salvia hispanica L.) as a novel food for extended uses pursuant to Regulation (EU) 2015/2283,17-04-2019,14 March 2019, NDA, Sanchis Mira S.A. ,extension of use,chia seeds (Salvia hispanica L.),"Wolfgang Gelbmann, Leonard Matijevic",,
0,EFSA-Q-2018-01032,10.2903/j.efsa.2021.6600,Safety of dried fruits of Synsepalum dulcificum as a novel food pursuant to Regulation (EU) 2015/2283,11-06-2021,27 April 2021, NDA, Baïa Food Co. (Medicinal Gardens S.L.) ,new dossier,dried fruits of Synsepalum dulcificum,Leonard Matijevic,Plants,2015/2283
0,EFSA-Q-2018-00279,10.2903/j.efsa.2020.6196,Safety of hot water extract of fruits and peduncles of Hovenia dulcis as a novel food pursuant to Regulation 1(EU) 2015/2283,28-08-2020,30 June 2020, NDA, Hovenia dulcis AB ,new dossier,hot water extract of fruits and peduncles of Hovenia dulcis,Wolfgang Gelbmann,,
0,EFSA-Q-2021-00170,10.2903/j.efsa.2023.8412,Safety of lacto‐N‐fucopentaose I/2’‐fucosyllactose (LNFP‐I/2’‐FL) mixture as a novel food pursuant to Regulation (EU) 2015/2283,01-12-2023,26 October 2023, NDA, Glycom A/S ,new dossier,lacto‐N‐fucopentaose I/2’‐fucosyllactose (LNFP‐I/2’‐FL) mixture,"Paolo Colombo, Estefania Fernandez, Estefania Noriega","Microorganisms, fungi or algae, Modified molecular structure",2015/2283
0,EFSA-Q-2009-00765,10.2903/j.efsa.2011.2136,Scientific Opinion on the safety of a ‘fermented black bean extract (Touchi extract)’ as a Novel Food ingredient,10-05-2011,8 April 2011, NDA,,new dossier,‘fermented black bean extract (Touchi extract)’,,2.1 (Complex NF),97/618/EC
0,EFSA-Q-2010-00127,10.2903/j.efsa.2010.1772,Scientific Opinion on the safety of ‘phosphated distarch phosphate’ as a Novel Food ingredient,30-09-2010,10 September 2010, NDA,,new dossier,‘phosphated distarch phosphate’,,2.1 (Complex NF),97/618/EC
0,EFSA-Q-2018-00769,10.2903/j.efsa.2020.6005,Safety of chromium‐enriched biomass of Yarrowia lipolytica as a novel food pursuant to Regulation (EU) 2015/2283,06-03-2020,23 January 2020, NDA, Skotan S.A. ,new dossier,chromium‐enriched biomass of Yarrowia lipolytica,Reinhard Ackerl,"Microorganisms, fungi or algae",2015/2283
0,"EFSA-Q-2018-00224,EFSA-Q-2018-00344,EFSA-Q-2018-00681,EFSA-Q-2018-00682,EFSA-Q-2018-00683,EFSA-Q-2018-00684,EFSA-Q-2018-00686",10.2903/j.efsa.2019.5657,Safety of chia seeds (Salvia hispanica L.) as a novel food for extended uses pursuant to Regulation (EU) 2015/2283,17-04-2019,14 March 2019, NDA, Sanchis Mira S.A. ,extension of use,chia seeds (Salvia hispanica L.),"Wolfgang Gelbmann, Leonard Matijevic",,
0,EFSA-Q-2018-00104,10.2903/j.efsa.2018.5360,Safety of Whey basic protein isolates as a novel food pursuant to Regulation (EU) 2015/2283,27-07-2018,27 June 2018, NDA, S.A.S. ,new dossier,Whey basic protein isolates,,,
0,EFSA-Q-2021-00053,10.2903/sp.efsa.2021.EN-6658,Technical Report on the notification of fresh plants of Wolffia arrhiza and Wolffia globosa as a traditional food from a third country pursuant to Article 14 of Regulation (EU) 2015/2283,30-06-2021,, EFSA,,traditional food,fresh plants of Wolffia arrhiza and Wolffia globosa,"Wolfgang Gelbmann, Eirini Kouloura, Emanuela Turla",,
0,EFSA-Q-2019-00589,10.2903/j.efsa.2022.7258,Safety of partially defatted house cricket (Acheta domesticus) powder as a novel food pursuant to Regulation (EU) 2015/2283,13-05-2022,23 March 2022, NDA," Cricket One Co., Ltd, ",new dossier,partially defatted house cricket (Acheta domesticus) powder,Domenico Azzollini,,
0,EFSA-Q-2012-00418,10.2903/j.efsa.2012.2891,Statement on the safety of synthetic zeaxanthin as an ingredient in food supplements,04-10-2012,13 September 2012, NDA,,new dossier,,,,
0,EFSA-Q-2021-00354,10.2903/j.efsa.2023.8026,Safety of 3‐fucosyllactose (3‐FL) produced by a derivative strain of Escherichia coli K‐12 DH1 as a novel food pursuant to Regulation (EU) 2015/2283,08-06-2023,27 April 2023, NDA, Glycom A/S ,new dossier,3‐fucosyllactose (3‐FL) produced by derivative strain of Escherichia coli K‐12 DH1,"Paolo Colombo, Estefania Fernandez, Estefania Noriega","Microorganisms, fungi or algae, Modified molecular structure",2015/2283
0,EFSA-Q-2021-00447,10.2903/j.efsa.2023.8025,Safety of 6′‐sialyllactose (6′‐SL) sodium salt produced by a derivative strain (Escherichia coli NEO6) of E. coli W (ATCC 9637) as a Novel Food pursuant to Regulation (EU) 2015/2283,12-06-2023,27 April 2023, NDA," Kyowa Hakko Bio Co., Ltd. ",new dossier,6′‐sialyllactose (6′‐SL) sodium salt produced by derivative strain (Escherichia coli NEO6) of E. coli W (ATCC 9637),"Paolo Colombo, Estefania Fernandez, Estefania Noriega","Microorganisms, fungi or algae, Modified molecular structure",2015/2283
0,"EFSA-Q-2018-00373,EFSA-Q-2018-00685",10.2903/j.efsa.2019.5716,"Safety of chia seeds (Salvia hispanica L.) powders, as novel foods, pursuant to Regulation (EU) 2015/2283",12-06-2019,15 May 2019, NDA, Access Business Group International LLC ,new dossier,"chia seeds (Salvia hispanica L.) powders,",Leonard Matijevic,,
0,EFSA-Q-2013-00335,10.2903/j.efsa.2014.3520,Scientific Opinion on the safety of vitamin D‐enriched UV‐treated baker's yeast,13-01-2014,12 December 2013, NDA,,new dossier,,,2.1 (Complex NF),97/618/EC
0,EFSA-Q-2019-00121,10.2903/j.efsa.2021.6779,Safety of frozen and dried formulations from whole house crickets (Acheta domesticus) as a Novel food pursuant to Regulation (EU) 2015/2283,17-08-2021,7 July 2021, NDA, Fair Insects BV (A Protix Company) ,new dossier,frozen and dried formulations from whole house crickets (Acheta domesticus),Tilemachos Goumperis,Animals,2015/2283
0,EFSA-Q-2019-00395,10.2903/sp.efsa.2019.EN-1724,Technical Report on the notification of pulp from Theobroma cacao L. as a traditional food from a third country pursuant to Article 14 of Regulation (EU) 2015/2283,06-11-2019,, EFSA,,traditional food,pulp from Theobroma cacao L.,"Wolfgang Gelbmann, Emanuela Turla",,
0,EFSA-Q-2020-00492,10.2903/j.efsa.2022.7549,Safety of iron milk proteinate as a novel food pursuant to Regulation (EU) 2015/2283 and bioavailability of iron from this source in the context of Directive 2002/46/EC,16-09-2022,4 August 2022, NDA, Société des Produits Nestlé S.A. ,"new dossier, nutrient source",iron milk proteinate,Reinhard Ackerl,,
0,EFSA-Q-2010-01269,10.2903/j.efsa.2012.2701,Scientific Opinion on bovine lactoferrin,24-05-2012,27 April 2012, NDA,,new dossier,,,2.1 (Complex NF),97/618/EC
0,EFSA-Q-2018-00223,10.2903/j.efsa.2019.5594,Safety of Yarrowia lipolytica yeast biomass as a novel food pursuant to Regulation (EU) 2015/2283,14-02-2019,17 January 2019, NDA, Skotan S.A. ,new dossier,Yarrowia lipolytica yeast biomass,Reinhard Ackerl,,
0,EFSA-Q-2020-00200,10.2903/j.efsa.2021.6935,Safety of iron hydroxide adipate tartrate as a novel food pursuant to Regulation (EU) 2015/2283 and as a source of iron in the context of Directive 2002/46/EC,10-12-2021,27 October 2021, NDA," NEMYSIS Limited, ","new dossier, nutrient source",iron hydroxide adipate tartrate,Andrea Germini,,
0,EFSA-Q-2020-00229,10.2903/j.efsa.2022.7085,Safety of dried coffee husk (cascara) from Coffea arabica L. as a Novel food pursuant to Regulation (EU) 2015/2283,25-02-2022,16 December 2021, NDA, Panama Varietals GmbH1 ,new dossier,dried coffee husk (cascara) from Coffea arabica L.,Ermolaos Ververis,Plants,2015/2283
0,EFSA-Q-2020-00850,10.2903/j.efsa.2023.8414,Safety of oil from Schizochytrium limacinum (strain TKD‐1) for use in infant and follow‐on formula as a novel food pursuant to Regulation (EU) 2015/2283,06-12-2023,26 October 2023, NDA," TK Biohealth Co., LTD. (now ATK Biotech Co. Ltd.) (China),1 Ltd. ",new dossier,oil from Schizochytrium limacinum (strain TKD‐1) for use in infant and follow‐on formula,Emanuela Turla,"Microorganisms, fungi or algae",2015/2283
0,EFSA-Q-2019-00594,10.2903/sp.efsa.2020.EN-1783,Technical Report on the notification of infusion from coffee leaves (Coffea arabica L. and/or Coffea canephora Pierre ex A. Froehner) as a traditional food from a third country pursuant to Article 14 of Regulation (EU) 2015/2283,03-02-2020,, EFSA,,traditional food,infusion from coffee leaves (Coffea arabica L. and/or Coffea canephora Pierre ex A. Froehner),"Wolfgang Gelbmann, Emanuela Turla, Eirini Kouloura",,
0,EFSA-Q-2019-00240,10.2903/j.efsa.2021.6661,Safety of calcium fructoborate as a novel food pursuant to Regulation (EU) 2015/2283,05-07-2021,25 May 2021, NDA," VDF FutureCeuticals, Inc ",new dossier,calcium fructoborate,Annamaria Rossi,Modified molecular structure,2015/2283
0,EFSA-Q-2011-00918,10.2903/j.efsa.2015.3954,Scientific Opinion on the safety of Arracacia xanthorrhiza as a novel food,09-01-2015,9 December 2014, NDA,,new dossier,Arracacia xanthorrhiza,,2.2 (Complex NF),97/618/EC
0,EFSA-Q-2009-00833,10.2903/j.efsa.2010.1685,Scientific Opinion on the safety of ”Lentinus edodes extract” (Lentinex®) as a Novel Food ingredient,30-07-2010,9 July 2010, NDA,,new dossier,”Lentinus edodes extract” (Lentinex®),,2.1 (Complex NF),97/618/EC
0,EFSA-Q-2019-00748,10.2903/j.efsa.2023.8009,Safety of UV‐treated powder of whole yellow mealworm (Tenebrio molitor larva) as a novel food pursuant to Regulation (EU) 2015/2283,01-06-2023,28 March 2023, NDA," Nutri'Earth, ",new dossier,UV‐treated powder of whole yellow mealworm (Tenebrio molitor larva),"Panagiota Zakidou, Ermolaos Ververis",Animals,2015/2283
0,EFSA-Q-2008-027,10.2903/j.efsa.2009.938,Safety of ‘Lipid extract from Euphausia superba’ as a novel food ingredient Safety of ‘Lipid extract from Euphausia superba’ as a novel food ingredient,13-02-2009,22 January 2009, EFSA,,new dossier,‘Lipid extract from Euphausia superba’,,2.2 (Complex NF),97/618/EC
0,EFSA-Q-2021-00757,10.2903/sp.efsa.2022.EN-7314,Technical Report on the notification of nuts of Canarium ovatum Engl. as a traditional food from a third country pursuant to Article 14 of Regulation (EU) 2015/2283,13-05-2022,, EFSA,,traditional food,nuts of Canarium ovatum Engl.,"Wolfgang Gelbmann, Eirini Kouloura, Emanuela Turla",,
0,EFSA-Q-2016-00520,10.2903/j.efsa.2017.5001,Safety of 1‐methylnicotinamide chloride (1‐MNA) as a novel food pursuant to Regulation (EC) No 258/97,26-10-2017,20 September 2017, NDA, Pharmena S.A. ,new dossier,1‐methylnicotinamide chloride (1‐MNA),"Wolfgang Gelbmann, Ermolaos Ververis",1.1 (Chemicals),97/618/EC
0,EFSA-Q-2013-00232,10.2903/j.efsa.2013.3422,Scientific Opinion on the safety of “coriander seed oil” as a Novel Food ingredient,24-10-2013,10 October 2013, NDA,,new dossier,“coriander seed oil”,,2.1 (Complex NF),97/618/EC
0,EFSA-Q-2020-00422,10.2903/j.efsa.2021.6670,Safety of Cetylated Fatty Acids as a Novel Food pursuant to Regulation (EU) 2015/2283,21-07-2021,26 May 2021, NDA, Pharmanutra S.p.A. ,new dossier,Cetylated Fatty Acids,Wolfgang Gelbmann,Modified molecular structure,2015/2283
0,EFSA-Q-2020-00475,10.2903/j.efsa.2022.7137,Safety of bovine milk osteopontin as a Novel food pursuant to Regulation (EU) 2015/2283,06-05-2022,26 January 2022, NDA, Arla Foods Ingredients Group P/S ,new dossier,bovine milk osteopontin,Wolfgang Gelbmann,Animals,2015/2283
0,EFSA-Q-2015-00294,10.2903/j.efsa.2016.4541,Safety of fermented soybean extract NSK‐SD® as a novel food pursuant to Regulation (EC) No 258/97,28-07-2016,28 June 2016, NDA, Japan Bio Science Laboratory (JBSL) ,new dossier,fermented soybean extract NSK‐SD®,,2.1 (Complex NF),97/618/EC
0,EFSA-Q-2021-00407,10.2903/j.efsa.2023.8333,Safety of 2′‐fucosyllactose (2’‐FL) produced by a derivative strain (Escherichia coli SGR5) of E. coli W (ATCC 9637) as a Novel Food pursuant to Regulation (EU) 2015/2283,14-11-2023,26 September 2023, NDA," Kyowa Hakko Bio Co., Ltd. ",new dossier,2′‐fucosyllactose (2’‐FL) produced by derivative strain (Escherichia coli SGR5) of E. coli W (ATCC 9637),"Paolo Colombo, Estefania Fernandez, Estefania Noriega","Microorganisms, fungi or algae, Modified molecular structure",2015/2283
0,EFSA-Q-2018-00144,10.2903/sp.efsa.2018.EN-1443,Technical Report on the notification of decorticated grains of Digitaria exilis (Kippist) Stapf as a traditional food from a third country pursuant to Article 14 of Regulation (EU) 2015/2283,20-07-2018,, EFSA,,traditional food,decorticated grains of Digitaria exilis (Kippist) Stapf,"Wolfgang Gelbmann, Emanuela Turla, Eirini Kouloura",,
0,EFSA-Q-2012-00961,10.2903/j.efsa.2017.4682,Scientific Opinion on taxifolin‐rich extract from Dahurian Larch (Larix gmelinii),14-02-2017,13 December 2016, NDA, Ametis JSC ,new dossier,,Wolfgang Gelbmann,2.2 (Complex NF),97/618/EC
0,EFSA-Q-2019-00448,10.2903/j.efsa.2020.6305,Safety of lacto‐N‐neotetraose (LNnT) produced by derivative strains of E. coli BL21 as a novel food pursuant to Regulation (EU) 2015/2283,19-11-2020,22 October 2020, NDA, Jennewein Biotechnologie GmbH ,new dossier,lacto‐N‐neotetraose (LNnT) produced by derivative strains of E. coli BL21,Paolo Colombo,"Microorganisms, fungi or algae, Modified molecular structure",2015/2283
0,EFSA-Q-2020-00040,10.2903/j.efsa.2022.7205,Safety of pea and rice protein fermented by Shiitake (Lentinula edodes) mycelia as a Novel food pursuant to Regulation (EU) 2015/2283,06-04-2022,28 February 2022, NDA," MycoTechnology, Inc., ",new dossier,pea and rice protein fermented by Shiitake (Lentinula edodes) mycelia,Ruth Roldan Torres,"Microorganisms, fungi or algae",2015/2283
0,EFSA-Q-2020-00625,10.2903/j.efsa.2022.7331,Safety of 3’‐sialyllactose (3’‐SL) sodium salt produced by derivative strains of Escherichia coli BL21 (DE3) as a Novel Food pursuant to Regulation (EU) 2015/2283,25-05-2022,29 April 2022, NDA, Chr. Hansen A/S ,new dossier,3’‐sialyllactose (3’‐SL) sodium salt produced by derivative strains of Escherichia coli BL21 (DE3),"Paolo Colombo, Estefania Fernandez, Estefania Noriega","Microorganisms, fungi or algae, Modified molecular structure",2015/2283
0,EFSA-Q-2019-00204,10.2903/j.efsa.2020.6098,Safety of 3’‐Sialyllactose (3’‐SL) sodium salt as a novel food pursuant to Regulation (EU) 2015/2283,14-05-2020,25 March 2020, NDA, Glycom A/S ,new dossier,3’‐Sialyllactose (3’‐SL) sodium salt,,,
0,EFSA-Q-2022-00588,10.2903/j.efsa.2023.8338,Safety of a change in specifications of the novel food oleoresin from Haematococcus pluvialis containing astaxanthin pursuant to Regulation (EU) 2015/2283,08-11-2023,26 September 2023, NDA, Astareal AB ,new dossier,,Wolfgang Gelbmann,"Microorganisms, fungi or algae",2015/2283
0,EFSA-Q-2019-00323,10.2903/j.efsa.2021.6345,Safety of oil from Schizochytrium limacinum (strain FCC‐3204) for use in food supplements as a novel food pursuant to Regulation (EU) 2015/2283,19-01-2021,24 November 2020, NDA, Fermentalg ,new dossier,oil from Schizochytrium limacinum (strain FCC‐3204),Emanuela Turla,"Microorganisms, fungi or algae",2015/2283
0,EFSA-Q-2022-00371,10.2903/sp.efsa.2022.EN-7640,Technical Report on the notification of dried nuts of Canarium amboinense Hochr. as a traditional food from a third country pursuant to Article 14 of Regulation (EU) 2015/2283,11-11-2022,, EFSA,,traditional food,dried nuts of Canarium amboinense Hochr.,"Wolfgang Gelbmann, Eirini Kouloura, Emanuela Turla",,
0,EFSA-Q-2008-697,10.2903/j.efsa.2008.893,"Safety of ‘Lycopene Cold Water Dispersible Products from Blakeslea trispora’ ‐ Scientific Opinion of the Panel on Dietetic Products, Nutrition and Allergies",19-12-2008,4 December 2008, EFSA NDA,,new dossier,‘Lycopene Cold Water Dispersible Products from Blakeslea trispora’,,2.2 (Complex NF),97/618/EC
0,EFSA-Q-2018-00145,10.2903/sp.efsa.2018.EN-1442,Technical Report on the notification of berries of Lonicera caerulea L. as a traditional food from a third country pursuant to Article 14 of Regulation (EU) 2015/2283,20-07-2018,, EFSA,,traditional food,berries of Lonicera caerulea L.,"Wolfgang Gelbmann, Emanuela Turla, Eirini Kouloura",,
0,EFSA-Q-2009-00529,10.2903/j.efsa.2010.1686,Scientific Opinion on the safety of ‘Cetyl Myristoleate Complex’ as a food ingredient,30-07-2010,9 July 2010, NDA,,new dossier,‘Cetyl Myristoleate Complex’,,2.1 (Complex NF),97/618/EC
0,EFSA-Q-2007-119,10.2903/j.efsa.2008.676,"Safety of Synthetic Lycopene ‐ Scientific Opinion of the Panel on Scientific Panel on Dietetic Products, Nutrition and Allergies",30-04-2008,10 April 2008, EFSA NDA,,new dossier,Synthetic Lycopene,,6 (Production process),97/618/EC
0,EFSA-Q-2018-00226,10.2903/j.efsa.2018.5362,Safety of Allanblackia seed oil for extended uses in vegetable oils and milk and in yellow fat and cream‐based spreads up to 30% (w/w),03-08-2018,27 June 2018, NDA, Unilever NV/Unilever PLC ,extension of use,,Wolfgang Gelbmann,,
0,"EFSA-Q-2018-00224,EFSA-Q-2018-00344,EFSA-Q-2018-00681,EFSA-Q-2018-00682,EFSA-Q-2018-00683,EFSA-Q-2018-00684,EFSA-Q-2018-00686",10.2903/j.efsa.2019.5657,Safety of chia seeds (Salvia hispanica L.) as a novel food for extended uses pursuant to Regulation (EU) 2015/2283,17-04-2019,14 March 2019, NDA, Sanchis Mira S.A. ,extension of use,chia seeds (Salvia hispanica L.),"Wolfgang Gelbmann, Leonard Matijevic",,
0,EFSA-Q-2020-00417,10.2903/j.efsa.2022.7326,Safety of vitamin D2 mushroom powder as a Novel food pursuant to Regulation (EU) 2015/2283 (NF 2019/1471),10-06-2022,26 April 2022, NDA, Monterey Mushrooms Inc. ,new dossier,vitamin D2 mushroom powder,Ruth Roldan Torres,"Microorganisms, fungi or algae",2015/2283
0,EFSA-Q-2022-00237,10.2903/sp.efsa.2022.EN-7538,Technical Report on the notification of roasted and popped kernels from the seeds of Euryale ferox Salisb. as a traditional food from a third country pursuant to Article 14 of Regulation (EU) 2015/2283,05-09-2022,, EFSA,,traditional food,roasted and popped kernels from the seeds of Euryale ferox Salisb.,"Wolfgang Gelbmann, Eirini Kouloura, Emanuela Turla",,
0,EFSA-Q-2020-00466,10.2903/j.efsa.2021.6844,Safety of the extension of use of galacto‐oligosaccharides as a Novel food pursuant to Regulation (EU) 2015/2283,27-10-2021,14 September 2021, NDA, Dairy Crest Ltd trading as Saputo Dairy UK ,extension of use,galacto‐oligosaccharides,Paolo Colombo,"Microorganisms, fungi or algae",2015/2283
0,EFSA-Q-2017-00448,10.2903/j.efsa.2017.5060,"Statement on the safety of synthetic l‐ergothioneine as a novel food – supplementary dietary exposure and safety assessment for infants and young children, pregnant and breastfeeding women",13-11-2017,25 October 2017, NDA, additional information ,new dossier,synthetic l‐ergothioneine,Reinhard Ackerl,,
0,EFSA-Q-2018-00262,10.2903/j.efsa.2021.6343,Safety of dried yellow mealworm (Tenebrio molitor larva) as a novel food pursuant to Regulation (EU) 2015/2283,13-01-2021,24 November 2020, NDA, SAS EAP Group ,new dossier,dried yellow mealworm (Tenebrio molitor larva),Ermolaos Ververis,,
0,EFSA-Q-2021-00090EFSA-Q-2021-00091,10.2903/j.efsa.2022.7140,Safety of the extension of use of 2’‐fucosyllactose/difucosyllactose (2’‐FL/DFL) mixture and lacto‐N‐tetraose (LNT) as novel foods in food supplements for infants pursuant to Regulation (EU) 2015/2283,03-03-2022,26 January 2022, NDA, Glycom A/S ,extension of use,2’‐fucosyllactose/difucosyllactose (2’‐FL/DFL) mixture and lacto‐N‐tetraose (LNT),"Paolo Colombo, Estefania Fernandez, Estefania Noriega","Microorganisms, fungi or algae, Modified molecular structure",2015/2283
0,EFSA-Q-2014-00232,10.2903/j.efsa.2016.4368,Safety of synthetic trans‐resveratrol as a novel food pursuant to Regulation (EC) No 258/97,12-01-2016,11 December 2015, NDA,,new dossier,synthetic trans‐resveratrol,,6 (Production process),97/618/EC
0,EFSA-Q-2012-00653,10.2903/j.efsa.2013.3423,Scientific Opinion on the safety of “Methyl Vinyl Ether‐Maleic Anhydride Copolymer” (chewing gum base ingredient) as a Novel Food ingredient,25-10-2013,10 October 2013, NDA,,new dossier,“Methyl Vinyl Ether‐Maleic Anhydride Copolymer” (chewing gum base ingredient),,1.2 (Chemicals),97/618/EC
0,EFSA-Q-2017-00554,10.2903/j.efsa.2017.5059,Statement on the safety of taxifolin‐rich extract from Dahurian Larch (Larix gmelinii),13-11-2017,25 October 2017, NDA, not just yogurts and ,new dossier,,Wolfgang Gelbmann,,
0,EFSA-Q-2020-00465,10.2903/j.efsa.2022.7596,Safety of cellobiose as a novel food pursuant to regulation (EU) 2015/2283,09-11-2022,28 September 2022, NDA, SAVANNA Ingredients GmbH ,new dossier,cellobiose,Océane Albert,Modified molecular structure,2015/2283
0,EFSA-Q-2018-00343,10.2903/j.efsa.2022.7449,Safety of β‐hydroxybutyrate salts as a novel food pursuant to Regulation (EU) 2015/2283,13-10-2022,1 July 2022, NDA, Prüvit Ventures Inc. ,new dossier,β‐hydroxybutyrate salts,"Océane Albert, Tilemachos Goumperis",Modified molecular structure,2015/2283
0,EFSA-Q-2014-00301,10.2903/j.efsa.2015.3955,Statement on the post‐marketing monitoring of the use of lycopene,09-01-2015,9 December 2014, NDA,,new dossier,,,,
0,EFSA-Q-2018-00697,10.2903/j.efsa.2018.5485,Statement on the safety of d‐ribose,13-12-2018,24 October 2018, NDA,,new dossier,,Andrea Germini,,
0,EFSA-Q-2014-00836,10.2903/j.efsa.2015.4148,"Scientific Opinion on the safety of UV‐treated bread as a novel food EFSA Panel on Dietetic Products, Nutrition and Allergies",01-07-2015,11 June 2015, NDA NDA,,new dossier,UV‐treated bread,,6 (Production process),97/618/EC
0,EFSA-Q-2019-00047,10.2903/j.efsa.2023.7903,Safety of water lentil protein concentrate from a mixture of Lemna gibba and Lemna minor as a novel food pursuant to Regulation (EU) 2015/2283,17-04-2023,28 February 2023, NDA, ABC Kroos BV ,new dossier,water lentil protein concentrate from mixture of Lemna gibba and Lemna minor,Eirini Kouloura,Plants,2015/2283
0,EFSA-Q-2008-306,10.2903/j.efsa.2009.1099,Opinion of the safety of glucosamine hydrochloride from Aspergillus niger as food ingredient,04-06-2009,15 May 2009, EFSA,,new dossier,glucosamine hydrochloride from Aspergillus niger,,2.1 (Complex NF),97/618/EC
0,EFSA-Q-2020-00747,10.2903/j.efsa.2022.7203,Safety of the extension of use of galacto‐oligosaccharides (GOS) as a novel food in food for special medical purposes pursuant to Regulation (EU) 2015/2283,30-03-2022,28 February 2022, NDA," G.K. Roozendaal, GLNP BV ",extension of use,galacto‐oligosaccharides (GOS),Paolo Colombo,"Microorganisms, fungi or algae",2015/2283
0,EFSA-Q-2017-00665,10.2903/j.efsa.2018.5361,Safety of xylo‐oligosaccharides (XOS) as a novel food pursuant to Regulation (EU) 2015/2283,23-07-2018,27 June 2018, NDA, Longlive Europe Food Division Ltd. ,new dossier,xylo‐oligosaccharides (XOS),Emanuela Turla,,
0,EFSA-Q-2019-00550,10.2903/j.efsa.2021.6516,Safety of Vitamin D2 mushroom powder (Agaricus bisporus) as a Novel food pursuant to Regulation (EU) 2015/2283,08-04-2021,24 February 2021, NDA," MBio, Monaghan Mushrooms ",new dossier,Vitamin D2 mushroom powder (Agaricus bisporus),Ruth Roldan Torres,"Microorganisms, fungi or algae",2015/2283
0,EFSA-Q-2018-00542,10.2903/j.efsa.2022.6998,Safety of hydrothermally treated kernels from edible Jatropha curcas L. (Chuta) as a novel food pursuant to Regulation (EU) 2015/2283,21-01-2022,24 November 2021, NDA, JatroSolutions GmbH ,new dossier,hydrothermally treated kernels from edible Jatropha curcas L. (Chuta),Paolo Colombo,Plants,2015/2283
0,EFSA-Q-2007-059,10.2903/j.efsa.2007.580,"Opinion of the Scientific Panel on Dietetic Products, Nutrition and Allergies on a request from the Commission related to the safety of Allanblackia seed oil for use in yellow fat and cream based spreads",21-12-2007,25 October 2007, EFSA NDA,,new dossier,,,1.2 (Chemicals),97/618/EC
0,EFSA-Q-2019-00115,10.2903/j.efsa.2021.6667,Safety of frozen and dried formulations from migratory locust (Locusta migratoria) as a Novel food pursuant to Regulation (EU) 2015/2283,02-07-2021,25 May 2021, NDA, Fair Insects BV (A Protix Company) ,new dossier,frozen and dried formulations from migratory locust (Locusta migratoria),Domenico Azzollini,Animals,2015/2283
0,EFSA-Q-2004-013Aa,10.2903/j.efsa.2006.303,"Opinion of the Scientific Panel on Dietetic Products, Nutrition and Allergies on a request from the Commission related to maize‐germ oil high in unsaponifiable matter as a novel food ingredient",12-01-2006,6 December 2005, EFSA NDA,,new dossier,,,"f (Production process), 6 (Production process)","258/97, 97/618/EC"
0,EFSA-Q-2015-00749,10.2903/j.efsa.2017.4728,Safety of hydroxytyrosol as a novel food pursuant to Regulation (EC) No 258/97,10-03-2017,31 January 2017, NDA, Seprox Biotech ,new dossier,hydroxytyrosol,Emanuela Turla,1.2 (Chemicals),97/618/EC
0,EFSA-Q-2011-01155,10.2903/j.efsa.2012.2812,Scientific Opinion on dihydrocapsiate,17-07-2012,28 June 2012, NDA,,new dossier,,,1.2 (Chemicals),97/618/EC
0,EFSA-Q-2016-00659,10.2903/j.efsa.2017.5058,Safety of pyrroloquinoline quinone disodium salt as a novel food pursuant to Regulation (EC) No 258/97,20-11-2017,24 October 2017, NDA," Mitsubishi Gas Chemical Company, Inc. ",new dossier,pyrroloquinoline quinone disodium salt,Agnès de sesmaisons,1.2 (Chemicals),97/618/EC
0,EFSA-Q-2017-00679,10.2903/j.efsa.2018.5267,Safety of shrimp peptide concentrate as a novel food pursuant to Regulation (EU) 2015/2283,16-05-2018,18 April 2018, NDA, Medfiles Ltd (on the behalf of the Marealis AS Company) ,new dossier,shrimp peptide concentrate,Leonard Matijevic,,
0,EFSA-Q-2016-00325,10.2903/j.efsa.2017.4777,Safety of cranberry extract powder as a novel food ingredient pursuant to Regulation (EC) No 258/97,12-05-2017,4 April 2017, NDA, Ocean Spray Cranberries Inc. ,new dossier,cranberry extract powder,Wolfgang Gelbmann,2.1 (Complex NF),97/618/EC
0,EFSA-Q-2018-00796,10.2903/j.efsa.2020.5992,Safety of selenium‐enriched biomass of Yarrowia lipolytica as a novel food pursuant to Regulation (EU) 2015/2283,31-01-2020,18 December 2019, NDA, Skotan S.A. ,new dossier,selenium‐enriched biomass of Yarrowia lipolytica,Reinhard Ackerl,"Microorganisms, fungi or algae",2015/2283
0,EFSA-Q-2020-00512,10.2903/j.efsa.2022.7598,Safety of Lemna minor and Lemna gibba whole plant material as a novel food pursuant to Regulation (EU) 2015/2283,30-11-2022,28 September 2022, NDA, Wageningen Plant Research Institute ,new dossier,Lemna minor and Lemna gibba whole plant material,Eirini Kouloura,Plants,2015/2283
0,EFSA-Q-2014-00444,10.2903/j.efsa.2015.4029,Scientific Opinion on the safety of refined Buglossoides oil as a novel food ingredient,25-02-2015,5 February 2015, NDA,,new dossier,refined Buglossoides oil,,2.2 (Complex NF),97/618/EC
0,EFSA-Q-2019-00700,10.2903/sp.efsa.2020.EN-1817,Technical Report on the notification of roasted seeds from Plukenetia volubilis L. as a traditional food from a third country pursuant to Article 14 of Regulation (EU) 2015/2283,23-03-2020,, EFSA,,traditional food,roasted seeds from Plukenetia volubilis L.,"Wolfgang Gelbmann, Emanuela Turla",,
0,EFSA-Q-2003-075,10.2903/j.efsa.2004.15,"Opinion of the Scientific Panel on Dietetic products, nutrition and allergies [NDA] related to a Novel Food application from Forbes Medi‐Tech for approval of plant sterol‐containing milk‐based beverages",09-03-2004,25 November 2003, EFSA NDA,,new dossier,,,1.1 (Chemicals),97/618/EC
0,EFSA-Q-2019-00043,10.2903/j.efsa.2020.6100,Safety of dried whole cell Euglena gracilis as a novel food pursuant to Regulation (EU) 2015/2283,14-05-2020,25 March 2020, NDA, Kemin Foods L.C. ,new dossier,dried whole cell Euglena gracilis,Reinhard Ackerl,"Microorganisms, fungi or algae",2015/2283
0,EFSA-Q-2019-00169,10.2903/j.efsa.2020.6097,Safety of 6′‐Sialyllactose (6′‐SL) sodium salt as a novel food pursuant to Regulation (EU) 2015/2283,14-05-2020,23 March 2020, NDA, Glycom A/S ,new dossier,6′‐Sialyllactose (6′‐SL) sodium salt,Paolo Colombo,"Microorganisms, fungi or algae, Modified molecular structure",2015/2283
0,EFSA-Q-2008-031,10.2903/j.efsa.2009.997,Opinion on the safety of ‘Alfalfa protein concentrate’ as food,03-04-2009,13 March 2009, EFSA,,new dossier,‘Alfalfa protein concentrate’,,2.1 (Complex NF),97/618/EC
0,EFSA-Q-2019-1692,10.2903/sp.efsa.2019.EN-1672,Technical Report on the notification of leaf powder of Moringa stenopetala as a traditional food from a third country pursuant to Article 14 of Regulation (EU) 2015/2283,13-09-2019,, EFSA,,traditional food,leaf powder of Moringa stenopetala,"Wolfgang Gelbmann, Emanuela Turla",,
0,EFSA-Q-2018-00103,10.2903/j.efsa.2018.5363,Safety of egg membrane hydrolysate as a novel food pursuant to Regulation (EU) 2015/2283,23-07-2018,27 June 2018, NDA, Biova LLC ,new dossier,egg membrane hydrolysate,Reinhard Ackerl,,
0,EFSA-Q-2018-00247,10.2903/j.efsa.2020.5993,Safety of astaxanthin for its use as a novel food in food supplements,05-02-2020,18 December 2019, NDA,,new dossier,astaxanthin,"Reinhard Ackerl, Wolfgang Gelbmann",,
0,EFSA-Q-2019-00694,10.2903/j.efsa.2022.7611,Safety of an aqueous ethanolic extract of Labisia pumila as a novel food pursuant to Regulation (EU) 2015/2283,10-11-2022,28 September 2022, NDA, Orchid Life Sdn Bhd1 ,new dossier,an aqueous ethanolic extract of Labisia pumila,"Océane Albert, Leonard Matijevic",Plants,2015/2283
0,EFSA-Q-2018-00601,10.2903/j.efsa.2020.5948,Safety of vitamin D2 mushroom powder as a novel food pursuant to Regulation (EU) 2015/2283,21-01-2020,28 November 2019, NDA," Oakshire Naturals, LP ",new dossier,vitamin D2 mushroom powder,Ruth Roldan Torres,"Microorganisms, fungi or algae",2015/2283
0,"EFSA-Q-2005-179,EFSA-Q-2007-079",10.2903/j.efsa.2008.822,"Vitamin K2 added for nutritional purposes in foods for particular nutritional uses, food supplements and foods intended for the general population and Vitamin K2 as a source of vitamin K added for nutritional purposes to foodstuffs, in the context of Regulation (EC) N° 258/97 ‐ Scientific Opinion of the Panel on Dietetic Products, Nutrition and Allergies",14-11-2008,2 October 2008, EFSA NDA,,"new dossier, nutrient source",,,2.1 (Complex NF),97/618/EC
0,EFSA-Q-2017-00040,10.2903/j.efsa.2017.4778,Statement on the safety of EstroG‐100™ as a novel food pursuant to Regulation (EC) No 258/97,08-05-2017,4 April 2017, NDA,,new dossier,EstroG‐100™,Emanuela Turla,,
0,EFSA-Q-2008-745,10.2903/j.efsa.2010.1601,Scientific Opinion on the safety of “conjugated linoleic acid (CLA)‐rich oil” (Clarinol®) as a Novel Food ingredient,21-05-2010,30 April 2010, NDA,,new dossier,“conjugated linoleic acid (CLA)‐rich oil” (Clarinol®),,2.1 (Complex NF),97/618/EC
0,EFSA-Q-2012-00300,10.2903/j.efsa.2012.2700,Statement on the safety of the “conjugated linoleic acid (CLA) rich oils” Clarinol® and Tonalin® TG 80 as Novel Food ingredients,03-05-2012,27 April 2012, NDA,,new dossier,the “conjugated linoleic acid (CLA) rich oils” Clarinol® and Tonalin® TG 80,,,
0,EFSA-Q-2020-00393,10.2903/j.efsa.2021.6602,Safety of extended uses of UV‐treated baker's yeast as a Novel Food pursuant to Regulation (EU) 2015/2283,30-06-2021,28 April 2021, NDA, Lallemand Bio‐Ingredients Division ,extension of use,extended uses of UV‐treated baker's yeast,Wolfgang Gelbmann,,
0,EFSA-Q-2018-00280,10.2903/j.efsa.2019.5718,Safety of phenylcapsaicin as a novel food pursuant to Regulation (EU) 2015/2283,14-06-2019,15 May 2019, NDA," aXichem AB, ",new dossier,phenylcapsaicin,,Modified molecular structure,2015/2283
0,EFSA-Q-2020-00309,10.2903/j.efsa.2022.7329,Safety of 3‐fucosyllactose (3‐FL) produced by a derivative strain of Escherichia coli BL21 (DE3) as a Novel Food pursuant to Regulation (EU) 2015/2283,25-05-2022,29 April 2022, NDA, Chr. Hansen A/S ,new dossier,3‐fucosyllactose (3‐FL) produced by derivative strain of Escherichia coli BL21 (DE3),"Paolo Colombo, Estefania Fernandez, Estefania Noriega","Microorganisms, fungi or algae, Modified molecular structure",2015/2283
0,EFSA-Q-2020-00309,10.2903/j.efsa.2022.7329,Safety of 3‐fucosyllactose (3‐FL) produced by a derivative strain of Escherichia coli BL21 (DE3) as a Novel Food pursuant to Regulation (EU) 2015/2283,25-05-2022,29 April 2022, NDA, Chr. Hansen A/S ,new dossier,3‐fucosyllactose (3‐FL) produced by derivative strain of Escherichia coli BL21 (DE3),"Paolo Colombo, Estefania Fernandez, Estefania Noriega","Microorganisms, fungi or algae, Modified molecular structure",2015/2283
0,EFSA-Q-2020-00309,10.2903/j.efsa.2022.7329,Safety of 3‐fucosyllactose (3‐FL) produced by a derivative strain of Escherichia coli BL21 (DE3) as a Novel Food pursuant to Regulation (EU) 2015/2283,25-05-2022,29 April 2022, NDA, Chr. Hansen A/S ,new dossier,3‐fucosyllactose (3‐FL) produced by derivative strain of Escherichia coli BL21 (DE3),"Lucien Da Costa, Lucien Ferreira, Océane Albert",Modified molecular structure,2015/2283
0,EFSA-Q-2020-00309,10.2903/j.efsa.2022.7329,Safety of 3‐fucosyllactose (3‐FL) produced by a derivative strain of Escherichia coli BL21 (DE3) as a Novel Food pursuant to Regulation (EU) 2015/2283,25-05-2022,29 April 2022, NDA, Chr. Hansen A/S ,new dossier,3‐fucosyllactose (3‐FL) produced by derivative strain of Escherichia coli BL21 (DE3),Leonard Matijevic,,
0,EFSA-Q-2020-00309,10.2903/j.efsa.2022.7329,Safety of 3‐fucosyllactose (3‐FL) produced by a derivative strain of Escherichia coli BL21 (DE3) as a Novel Food pursuant to Regulation (EU) 2015/2283,25-05-2022,29 April 2022, NDA, Chr. Hansen A/S ,new dossier,3‐fucosyllactose (3‐FL) produced by derivative strain of Escherichia coli BL21 (DE3),"Paolo Colombo, Estefania Fernandez, Estefania Noriega",,
