question,doi,title,publication date,adoption date,EFSA panels,NF name,applicant,NF code,mandate type,Category 97/618/EC,Category 258/97,Category 2015/2283,scientific officers,,
EFSA-Q-2018-00282,10.2903/j.efsa.2022.7325,Safety of frozen and freeze‐dried formulations of the lesser mealworm (Alphitobius diaperinus larva) as a Novel food pursuant to Regulation (EU) 2015/2283,04-07-2022,26 April 2022,NDA (collab), frozen and freeze‐dried formulations of the lesser mealworm (Alphitobius diaperinus larva) , Proti-Farm Holding NV1 ,,new dossier,,,Animals,Ermolaos VERVERIS,,
EFSA-Q-2017-00461,10.2903/j.efsa.2018.5265,Safety of d‐ribose as a novel food pursuant to Regulation (EU) 2015/2283,31-05-2018,18 April 2018,NDA (collab), d‐ribose ," Bioenergy Lire Science, Inc. ",,new dossier,,,,Andrea GERMINI,,
EFSA-Q-2019-00695,10.2903/j.efsa.2021.6938,Safety of Wolffia globosa powder as a Novel food pursuant to Regulation (EU) 2015/2283,22-12-2021,27 October 2021,NDA (collab), Wolffia globosa powder , 'Hinoman' ,,new dossier,,,Plants,Eirini KOULOURA,,
EFSA-Q-2018-00596,10.2903/j.efsa.2019.5777,Safety of viable embryonated eggs of the whipworm Trichuris suis as a novel food pursuant to Regulation (EU) 2015/2283,01-08-2019,2 July 2019,NDA (collab), viable embryonated eggs of the whipworm Trichuris suis , Enteron Science GmbH ,,new dossier,,,Animals,"Antonio DUMONT, Antonio FERNANDEZ, Wolfgang GELBMANN",,
EFSA-Q-2018-00557,10.2903/j.efsa.2020.6099,Safety of a botanical extract derived from Panax notoginseng and Astragalus membranaceus (AstraGin™) as a novel food pursuant to Regulation (EU) 2015/2283,13-05-2020,24 March 2020,NDA (collab), botanical extract derived from Panax notoginseng and Astragalus membranaceus (AstraGin™) , NuLiv Science ,,new dossier,,,Plants,Reinhard ACKERL,,
EFSA-Q-2018-00342,10.2903/sp.efsa.2018.EN-1481,Technical Report on the notification of syrup from Sorghum bicolor (L.) Moench as a traditional food from a third country pursuant to Article 14 of Regulation (EU) 2015/2283,25-09-2018,,EFSA (collab), syrup from Sorghum bicolor (L.) Moench ,,,traditional food,,,,"Wolfgang GELBMANN, Emanuela TURLA, Eirini KOULOURA",,
EFSA-Q-2014-00865,10.2903/j.efsa.2020.6135,Safety of the extension of use of plant sterol esters as a novel food pursuant to Regulation (EU) 2015/2283,30-06-2020,5 May 2020,NDA (collab), plant sterol esters , Unilever Research and Development Vlaardingen B.V (now Upfield Research and Development B.V.) ,,extension of use,,,,Wolfgang GELBMANN,,
EFSA-Q-2019-00033,10.2903/j.efsa.2023.7706,Safety of whole seeds of oilseed rape (Brassica napus L emend. Metzg.) as a novel food pursuant to Regulation (EU) 2015/2283,12-01-2023,24 November 2022,NDA (collab), whole seeds of oilseed rape (Brassica napus L emend. Metzg.) ,,,new dossier,,,,"Antonio DUMONT, Antonio FERNANDEZ",,
EFSA-Q-2007-078,10.2903/j.efsa.2008.728,"Safety of ‘synthetic Zeaxanthin as an ingredient in food supplements’ ‐ Scientific Opinion of the Panel on Dietetic Products, Nutrition and Allergies",25-06-2008,24 April 2008,EFSA (collab) NDA (title), ‘synthetic Zeaxanthin as an ingredient in food supplements’ , Bioresco on behalf of DSM Nutritional Products ,,new dossier,6 (Production process),,,,,
EFSA-Q-2015-00613,10.2903/j.efsa.2016.4629,Safety of synthetic l‐ergothioneine (Ergoneine®) as a novel food pursuant to Regulation (EC) No 258/97,18-11-2016,26 October 2016,NDA (collab), synthetic l‐ergothioneine (Ergoneine®) ,,,new dossier,1.2 (Chemicals),,,Reinhard ACKERL,,
EFSA-Q-2020-00111,10.2903/j.efsa.2021.6936,Safety of tetrahydrocurcuminoids from turmeric (Curcuma longa L.) as a novel food pursuant to Regulation (EU) 2015/2283,22-12-2021,27 October 2021,NDA (collab), tetrahydrocurcuminoids from turmeric (Curcuma longa L.) ,,,new dossier,,,Modified molecular structure+ Plants,"Reinhard ACKERL, Eirini KOULOURA",,
EFSA-Q-2020-00623,10.2903/j.efsa.2022.7645,Safety of 6′‐sialyllactose (6’‐SL) sodium salt produced by derivative strains of Escherichia coli BL21 (DE3) as a novel food pursuant to Regulation (EU) 2015/2283,07-12-2022,26 October 2022,NDA (collab), 6′‐sialyllactose (6’‐SL) sodium salt produced by derivative strains of Escherichia coli BL21 (DE3) , Chr.Hansen A/S ,,new dossier,,,"Microorganisms, fungi or algae+ Modified molecular structure","Paolo COLOMBO, Estefania NORIEGA, Estefania FERNANDEZ",,
EFSA-Q-2014-00862,10.2903/j.efsa.2015.4183,Safety of lacto‐N‐neotetraose as a novel food ingredient pursuant to Regulation (EC) No 258/97,20-07-2015,29 June 2015,NDA (collab), lacto‐N‐neotetraose , Glycom A/S ,,new dossier,1.2 (Chemicals),,,,,
EFSA-Q-2011-00990,10.2903/j.efsa.2014.3757,Scientific Opinion on the safety of astaxanthin‐rich ingredients (AstaREAL A1010 and AstaREAL L10) as novel food ingredients,15-07-2014,25 June 2014,NDA (collab), astaxanthin‐rich ingredients (AstaREAL A1010 and AstaREAL L10) , BioReal (Sweden) AB ,,new dossier,2.1 (Complex NF),,,,,
EFSA-Q-2016-00518,10.2903/j.efsa.2017.5003,Safety of Ecklonia cava phlorotannins as a novel food pursuant to Regulation (EC) No 258/97,16-10-2017,20 September 2017,NDA (collab), Ecklonia cava phlorotannins ," Botamedi Inc., Korea, ",,new dossier,,,,Reinhard ACKERL,,
EFSA-Q-2015-00249,10.2903/j.efsa.2016.4589,Safety of EstroG‐100™ as a novel food pursuant to Regulation (EC) No 258/97,24-10-2016,21 September 2016,NDA (collab), EstroG‐100™ ," Naturalendo Tech Co., Ltd ",,new dossier,2.2 (Complex NF),,,Emanuela TURLA,,
EFSA-Q-2011-00974,10.2903/j.efsa.2012.2811,Scientific Opinion on bovine lactoferrin,17-07-2012,28 June 2012,NDA (collab), bovine lactoferrin," Morinaga Milk Industry Co., Ltd.",,new dossier,2.1 (Complex NF),,,,,
EFSA-Q-2019-00759,10.2903/j.efsa.2022.7380,Safety of freeze‐dried mycelia of Antrodia camphorata as a novel food pursuant to regulation (EU) 2015/2283,29-06-2022,18 May 2022,NDA (collab), freeze‐dried mycelia of Antrodia camphorata , 'Golden Biotechnology Corp' (Taiwan) ,,new dossier,,,Cell and tissue,Emanuela TURLA,,
EFSA-Q-2004-013,10.2903/j.efsa.2006.304,"Opinion of the Scientific Panel on Dietetic products, nutrition and allergies [NDA] related to rapeseed oil high in unsaponifiable matter as a novel food ingredient",12-01-2006,6 December 2005,EFSA (collab) NDA (title),, Expanscience (formerly Pharmascience) ,,new dossier,6 (Production process),f (Production process),,,,
EFSA-Q-2019-00101,10.2903/j.efsa.2021.6778,Safety of frozen and dried formulations from whole yellow mealworm (Tenebrio molitor larva) as a novel food pursuant to Regulation (EU) 2015/2283,25-08-2021,7 July 2021,NDA (collab), frozen and dried formulations from whole yellow mealworm (Tenebrio molitor larva) , Fair Insects BV (A Protix Company) ,,new dossier,,,Animals,Ermolaos VERVERIS,,
EFSA-Q-2021-00168,10.2903/j.efsa.2023.8415,Safety of oil from Schizochytrium sp. (strain CABIO‐A‐2) for use in infant and follow‐on formula as a novel food pursuant to Regulation (EU) 2015/2283,06-12-2023,26 October 2023,NDA (collab), oil from Schizochytrium sp. (strain CABIO‐A‐2) for use in infant and follow‐on formula ,,,new dossier,,,"Microorganisms, fungi or algae",Emanuela TURLA,,
EFSA-Q-2019-00345,10.2903/sp.efsa.2019.EN-1715,Technical Report on the notification of pulp from Theobroma cacao L. as a traditional food from a third country pursuant to Article 14 of Regulation (EU) 2015/2283,10-10-2019,,EFSA (collab), pulp from Theobroma cacao L. ,,,traditional food,,,,"Wolfgang GELBMANN, Emanuela TURLA",,
EFSA-Q-2018-00374,10.2903/j.efsa.2019.5717,Safety of 2’‐fucosyllactose/difucosyllactose mixture as a novel food pursuant to Regulation (EU) 2015/2283,11-06-2019,15 May 2019,NDA (collab), 2’‐fucosyllactose/difucosyllactose mixture , Glycom A/S ,,new dossier,,,"Microorganisms, fungi or algae+ Modified molecular structure","Qingqing Sun, Emanuela TURLA",,
EFSA-Q-2021-00475,10.2903/sp.efsa.2022.EN-7084,Notification of dried flowers of Clitoria ternatea L. as a traditional food from a third country pursuant to Article 14 of Regulation (EU) 2015/2283,02-02-2022,,EFSA (collab), dried flowers of Clitoria ternatea L. ,,,traditional food,,,,"Wolfgang GELBMANN, Eirini KOULOURA, Emanuela TURLA",,
EFSA-Q-2019-00213,10.2903/j.efsa.2020.6197,Safety of rapeseed powder from Brassica rapa L. and Brassica napus L. as a Novel food pursuant to Regulation (EU) 2015/2283,30-07-2020,30 June 2020,NDA (collab), rapeseed powder from Brassica rapa L. and Brassica napus L. , Avena Nordic Grain Oy ,,new dossier,,,Plants,Antonio DUMONT,,
EFSA-Q-2016-00488,10.2903/j.efsa.2017.4918,Safety of synthetic N‐acetyl‐d‐neuraminic acid as a novel food pursuant to Regulation (EC) No 258/97,25-07-2017,28 June 2017,NDA (collab), synthetic N‐acetyl‐d‐neuraminic acid , Glycom A/S ,,new dossier,1.2 (Chemicals),,,Emanuela TURLA,,
EFSA-Q-2018-00996,10.2903/j.efsa.2019.5659,Safety of whey basic protein isolate for extended uses in foods for special medical purposes and food supplements for infants pursuant to Regulation (EU) 2015/2283,09-04-2019,14 March 2019,NDA (collab), whey basic protein isolate , Armor Prot eines S.A.S. ,,extension of use,,,,,,
EFSA-Q-2021-00004,10.2903/sp.efsa.2021.EN-6657,Technical Report on the notification of cherry pulp from Coffea arabica L. and Coffea canephora Pierre ex A. Froehner as a traditional food from a third country following Article 14 of Regulation (EU) 2015/2283,27-05-2021,,EFSA (collab), cherry pulp from Coffea arabica L. and Coffea canephora Pierre ex A. Froehner ,,,traditional food,,,,"Wolfgang GELBMANN, Eirini KOULOURA, Emanuela TURLA",,
EFSA-Q-2020-00488,10.2903/j.efsa.2023.8065,Safety of apple fruit cell culture biomass as a novel food pursuant to Regulation (EU) 2015/2283,24-07-2023,24 May 2023,NDA (collab), apple fruit cell culture biomass , Mibelle Group Biochemistry ,,new dossier,,,Cell and tissue,Wolfgang GELBMANN,,
EFSA-Q-2021-00551,10.2903/j.efsa.2023.7904,Safety of the extension of use of partially defatted chia seed (Salvia hispanica L.) powder with a high fibre content as a novel food pursuant to Regulation (EU) 2015/2283,20-04-2023,27 February 2023,NDA (collab), partially defatted chia seed (Salvia hispanica L.) powder with high fibre content ," Functional Products Trading Arica S.A./BENEXIA, Chile, ",,extension of use,,,Plants,"Wolfgang GELBMANN, Ruth ROLDAN TORRES",,
EFSA-Q-2019-00812,10.2903/j.efsa.2021.6346,Safety of water extract of Cistanche tubulosa stems as a Novel food pursuant to Regulation (EU) 2015/2283,15-01-2021,24 November 2020,NDA (collab), water extract of Cistanche tubulosa stems ," Sinphar Tian-Li Pharmaceutical Co., Ltd.",,new dossier,,,,Wolfgang GELBMANN,,
EFSA-Q-2020-00289,10.2903/j.efsa.2021.6843,Extension of use of nicotinamide riboside chloride as a novel food pursuant to Regulation (EU) 2015/2283,12-11-2021,14 September 2021,NDA (collab), nicotinamide riboside chloride , ChromaDex Inc. ,,extension of use,,,,"Océane ALBERT, Agnès DE SESMAISONS",,
EFSA-Q-2019-00593,10.2903/j.efsa.2023.7995,Safety of paramylon as a novel food pursuant to Regulation (EU) 2015/2283,26-05-2023,28 March 2023,NDA (collab), paramylon ,,,new dossier,,,"Microorganisms, fungi or algae",Reinhard ACKERL,,
EFSA-Q-2019-00254,10.2903/j.efsa.2020.6243,Safety of chia seeds (Salvia hispanica L.) subject to thermal processing in relation to the formation of process contaminants as a novel food for extended uses,21-09-2020,31 August 2020,NDA (collab), chia seeds (Salvia hispanica L.) subject to thermal processing in relation to the formation of process contaminants ,,,extension of use,,,,"Wolfgang GELBMANN, Leonard MATIJEVIC",,
EFSA-Q-2018-00480,10.2903/j.efsa.2019.5775,"Safety of nicotinamide riboside chloride as a novel food pursuant to Regulation (EU) 2015/2283 and bioavailability of nicotinamide from this source, in the context of Directive 2002/46/EC",07-08-2019,4 July 2019,NDA (collab), nicotinamide riboside chloride ," ChromaDex Inc., ",,"new dossier, nutrient source",,,,Andrea GERMINI,,
EFSA-Q-2018-00997,10.2903/j.efsa.2019.5658,Safety of betaine as a novel food pursuant to Regulation (EU) 2015/2283,05-04-2019,14 March 2019,NDA (collab), betaine ,,,new dossier,,,,Emanuela TURLA,,
EFSA-Q-2006-186,10.2903/j.efsa.2008.675,"Safety of lycopene oleoresin from tomatoes ‐ Scientific Opinion of the Panel on Scientific Panel on Dietetic Products, Nutrition and Allergies",30-04-2008,24 April 2008,EFSA (collab) NDA (title), lycopene oleoresin from tomatoes , Barry Ottaway & Associates Ltd. ,,new dossier,2.1 (Complex NF),,,,,
"EFSA-Q-2018-00224,EFSA-Q-2018-00344,EFSA-Q-2018-00681,EFSA-Q-2018-00682,EFSA-Q-2018-00683,EFSA-Q-2018-00684,EFSA-Q-2018-00686",10.2903/j.efsa.2019.5657,Safety of chia seeds (Salvia hispanica L.) as a novel food for extended uses pursuant to Regulation (EU) 2015/2283,17-04-2019,14 March 2019,NDA (collab), chia seeds (Salvia hispanica L.) , Sanchis Mira S.A. ,,extension of use,,,,"Wolfgang GELBMANN, Leonard MATIJEVIC",,
EFSA-Q-2021-00445,10.2903/j.efsa.2023.8224,Safety of 3′‐sialyllactose (3′‐SL) sodium salt produced by a derivative strain (Escherichia coli NEO3) of E. coli W (ATCC 9637) as a Novel Food pursuant to Regulation (EU) 2015/2283,21-09-2023,3 August 2023,NDA (collab), 3′‐sialyllactose (3′‐SL) sodium salt produced by derivative strain (Escherichia coli NEO3) of E. coli W (ATCC 9637) ," Kyowa Hakko Bio Co., Ltd.",,new dossier,,,"Microorganisms, fungi or algae+ Modified molecular structure","Paolo COLOMBO, Estefania NORIEGA, Estefania FERNANDEZ",,
EFSA-Q-2020-00630,10.2903/j.efsa.2022.7242,Safety of lacto‐N‐tetraose (LNT) produced by derivative strains of Escherichia coli BL21 (DE3) as a Novel Food pursuant to Regulation (EU) 2015/2283,16-05-2022,23 March 2022,NDA (collab), lacto‐N‐tetraose (LNT) produced by derivative strains of Escherichia coli BL21 (DE3) , Chr.Hansen A/S ,,new dossier,,,"Microorganisms, fungi or algae+ Modified molecular structure","Paolo COLOMBO, Estefania NORIEGA, Estefania FERNANDEZ",,
EFSA-Q-2020-00211,10.2903/j.efsa.2021.6384,Safety of a change in the conditions of use of galacto‐oligosaccharides as a novel food ingredient in food supplements pursuant to Regulation (EU) 2015/2283,27-01-2021,17 December 2020,NDA (collab), change in the conditions of use of galacto‐oligosaccharides ," Yakult Pharmaceutical Industry Co., Ltd.",,new dossier,,,"Microorganisms, fungi or algae+ Modified molecular structure",Paolo COLOMBO,,
EFSA-Q-2012-00613,10.2903/j.efsa.2013.3260,Scientific Opinion on Rooster Combs Extract,21-06-2013,31 May 2013,NDA (collab), Rooster Combs Extract,,,new dossier,2.1 (Complex NF),,,,,
EFSA-Q-2011-00770,10.2903/j.efsa.2011.2473,Statement on the safety of glucosamine for patients receiving coumarin anticoagulants,08-12-2011,25 November 2011,NDA (collab), glucosamine for patients receiving coumarin anticoagulants,,,new dossier,,,,,,
EFSA-Q-2020-00284,10.2903/j.efsa.2021.6846,Safety of mung bean protein as a novel food pursuant to Regulation (EU) 2015/2283,20-10-2021,14 September 2021,NDA (collab), mung bean protein ," Eat Just, Inc ",,new dossier,,,Plants,Antonio FERNANDEZ,,
EFSA-Q-2020-00491,10.2903/j.efsa.2023.8416,Safety of an extension of use of Yarrowia lipolytica yeast biomass as a novel food pursuant to Regulation (EU) 2015/2283,29-11-2023,26 October 2023,NDA (collab), Yarrowia lipolytica yeast biomass ,,,extension of use,,,,Reinhard ACKERL,,
EFSA-Q-2019-00187,10.2903/j.efsa.2021.6344,Safety of oil from Schizochytrium limacinum (strain FCC‐3204) for use in infant and follow‐on formula as a novel food pursuant to Regulation (EU) 2015/2283,19-01-2021,24 November 2020,NDA (collab), oil from Schizochytrium limacinum (strain FCC‐3204) for use in infant and follow‐on formula , Fermentalg ,,new dossier,,,"Microorganisms, fungi or algae",Emanuela TURLA,,
EFSA-Q-2018-00278,10.2903/j.efsa.2019.5824,Safety of heat‐killed Mycobacterium setense manresensis as a novel food pursuant to Regulation (EU) 2015/2283,11-11-2019,19 September 2019,NDA (collab), heat‐killed Mycobacterium setense manresensis ," Nutraveris/Laboratorio Reig Jofre, S.A. ",,new dossier,,,,"Qingqing Sun, Wolfgang GELBMANN",,
EFSA-Q-2019-00306,10.2903/j.efsa.2020.6242,Safety of Schizochytrium sp. oil as a novel food pursuant to Regulation (EU) 2015/2283(a),19-10-2020,31 August 2020,NDA (collab), Schizochytrium sp. oil , Progress Biotech bv ,,new dossier,,,"Microorganisms, fungi or algae",Lucien FERREIRA,,
EFSA-Q-2014-00295,10.2903/j.efsa.2015.3956,Scientific Opinion on the safety of ‘heat‐treated milk products fermented with Bacteroides xylanisolvens DSM 23964’ as a novel food,09-01-2015,10 December 2014,NDA (collab), ‘heat‐treated milk products fermented with Bacteroides xylanisolvens DSM 23964’ , Avitop GmbH ,,new dossier,2.2 (Complex NF),,,,,
EFSA-Q-2012-00649,10.2903/j.efsa.2013.3261,Statement on the safety of ‘Cetyl Myristoleate Complex’ as an ingredient in food supplements,21-06-2013,31 May 2013,NDA (collab), ‘Cetyl Myristoleate Complex’ as an ingredient in food supplements,,,new dossier,,,,,,
EFSA-Q-2016-00287,10.2903/j.efsa.2017.5057,Safety of betaine as a novel food pursuant to Regulation (EC) No 258/97,17-11-2017,25 October 2017,NDA (collab), betaine ,,,new dossier,1.1 (Chemicals),,,Emanuela TURLA,,
EFSA-Q-2018-00514,10.2903/j.efsa.2021.6660,Safety of calcidiol monohydrate produced by chemical synthesis as a novel food pursuant to Regulation (EU) 2015/2283,01-07-2021,25 May 2021,NDA (collab), calcidiol monohydrate produced by chemical synthesis , DSM Nutritional Products Ltd. ,,new dossier,,,,"Céline Dumas, Ruth ROLDAN TORRES",,
EFSA-Q-2009-00749,10.2903/j.efsa.2011.2287,"Scientific Opinion on the safety of ‘Glavonoid®’, an extract derived from the roots or rootstock of Glycyrrhiza glabra L., as a Novel Food ingredient",21-07-2011,30 June 2011,NDA (collab)," ‘Glavonoid®’, an extract derived from the roots or rootstock of Glycyrrhiza glabra L., ",,,new dossier,2.1 (Complex NF),,,,,
EFSA-Q-2015-00132,10.2903/j.efsa.2016.4370,Safety of UV‐treated milk as a novel food pursuant to Regulation (EC) No 258/97,11-01-2016,10 December 2015,NDA (collab), UV‐treated milk , Dairy Crest Ltd. ,,new dossier,6 (Production process),,,,,
EFSA-Q-2009-00750,10.2903/j.efsa.2010.1600,Scientific Opinion on the safety of “conjugated linoleic acid (CLA)‐rich oil” (Tonalin® TG 80) as a Novel Food ingredient,21-05-2010,30 April 2010,NDA (collab), “conjugated linoleic acid (CLA)‐rich oil” (Tonalin® TG 80) ,,,new dossier,2.1 (Complex NF),,,,,
EFSA-Q-2021-00584,10.2903/sp.efsa.2022.EN-7197,Technical Report on the notification of xuta (edible variety of Jatropha curcas L.) roasted and ground seed kernels as a traditional food from a third country pursuant to Article 14 of Regulation (EU) 2015/2283,08-03-2022,,EFSA (collab), xuta (edible variety of Jatropha curcas L.) roasted and ground seed kernels ,,,traditional food,,,,"Wolfgang GELBMANN, Eirini KOULOURA, Emanuela TURLA, Paolo COLOMBO",,
"EFSA-Q-2018-00224,EFSA-Q-2018-00344,EFSA-Q-2018-00681,EFSA-Q-2018-00682,EFSA-Q-2018-00683,EFSA-Q-2018-00684,EFSA-Q-2018-00686",10.2903/j.efsa.2019.5657,Safety of chia seeds (Salvia hispanica L.) as a novel food for extended uses pursuant to Regulation (EU) 2015/2283,17-04-2019,14 March 2019,NDA (collab), chia seeds (Salvia hispanica L.) , Sanchis Mira S.A. ,,extension of use,,,,"Wolfgang GELBMANN, Leonard MATIJEVIC",,
EFSA-Q-2013-00080,10.2903/j.efsa.2013.3421,Scientific Opinion on the safety of “citicoline” as a Novel Food ingredient,24-10-2013,10 October 2013,NDA (collab), “citicoline” , Kyowa Hakko Europe GmbH ,,new dossier,1.1 (Chemicals),,,,,
EFSA-Q-2019-00666,10.2903/j.efsa.2021.6662,Safety of 3‐FL (3‐Fucosyllactose) as a novel food pursuant to Regulation (EU) 2015/2283,30-06-2021,25 May 2021,NDA (collab), 3‐FL (3‐Fucosyllactose) , DuPont Nutrition & Biosciences ApS ,,new dossier,,,"Microorganisms, fungi or algae+ Modified molecular structure",Paolo COLOMBO,,
EFSA-Q-2018-00589,10.2903/j.efsa.2019.5907,Safety of lacto‐N‐tetraose (LNT) as a novel food pursuant to Regulation (EU) 2015/2283,03-12-2019,30 October 2019,NDA (collab), lacto‐N‐tetraose (LNT) , Glycom A/S ,,new dossier,,,"Microorganisms, fungi or algae+ Modified molecular structure",Paolo COLOMBO,,
EFSA-Q-2020-00806,10.2903/j.efsa.2023.8064,Safety of partially hydrolysed protein from spent barley (Hordeum vulgare) and rice (Oryza sativa) as a novel food pursuant to Regulation (EU) 2015/2283,01-09-2023,24 May 2023,NDA (collab), partially hydrolysed protein from spent barley (Hordeum vulgare) and rice (Oryza sativa) ," Evergrain, LLC ",,new dossier,,,Plants,"Panagiota Zakidou, Vania MENDES, Ermolaos VERVERIS",,
EFSA-Q-2020-00538,10.2903/j.efsa.2022.7204,Safety of Beta‐lactoglobulin as a Novel food pursuant to Regulation (EU) 2015/2283,08-04-2022,28 February 2022,NDA (collab), Beta‐lactoglobulin , Arla Foods Ingredients Group P/S ,,new dossier,,,Animals,"Antonio DUMONT, Antonio FERNANDEZ, Estefania NORIEGA, Estefania FERNANDEZ",,
EFSA-Q-2013-00231,10.2903/j.efsa.2013.3420,Scientific Opinion on the safety of “rapeseed protein isolate” as a Novel Food ingredient,25-10-2013,10 October 2013,NDA (collab), “rapeseed protein isolate” ," Helm AG, ",,new dossier,2.1 (Complex NF),,,,,
EFSA-Q-2018-00995,10.2903/j.efsa.2021.6845,Safety of water lentil powder from Lemnaceae as a Novel Food pursuant to Regulation (EU) 2015/2283,15-11-2021,14 September 2021,NDA (collab), water lentil powder from Lemnaceae , Parabel Ltd ,,new dossier,,,Plants,Eirini KOULOURA,,
EFSA-Q-2019-00091,10.2903/j.efsa.2023.8072,Safety of an ethanolic extract of the dried biomass of the microalga Phaeodactylum tricornutum as a novel food pursuant to Regulation (EU) 2015/2283,12-07-2023,24 May 2023,NDA (collab), an ethanolic extract of the dried biomass of the microalga Phaeodactylum tricornutum , Microphyt ,,new dossier,,,,"Alejandra Muñoz Gonzalez, Annamaria ROSSI, Ermolaos VERVERIS",,
EFSA-Q-2008-008,10.2903/j.efsa.2009.996,Opinion on the safety of ‘Chia seeds (Salvia hispanica L.) and ground whole Chia seeds’ as a food ingredient,03-04-2009,13 March 2009,EFSA (collab), ‘Chia seeds (Salvia hispanica L.) and ground whole Chia seeds’ ,,,new dossier,2.2 (Complex NF),e (Plants),,,,
EFSA-Q-2009-00766,10.2903/j.efsa.2010.1684,Scientific Opinion on the safety of ‘sardine Peptide Product’,30-07-2010,9 July 2010,NDA (collab), ‘sardine Peptide Product’, Cantox on behalf of the ,,new dossier,2.1 (Complex NF),,,,,
EFSA-Q-2007-123,10.2903/j.efsa.2008.770,"Safety of ‘fungal oil from Mortierella alpina’ ‐ Scientific Opinion of the Panel on Dietetic Products, Nutrition and Allergies",11-08-2008,10 July 2008,EFSA (collab) NDA (title), ‘fungal oil from Mortierella alpina’ , Suntory Ltd. (represented by Abbott International Division until June 2004) ,,new dossier,2.1 (Complex NF),,,,,
"EFSA-Q-2005-179,EFSA-Q-2007-079",10.2903/j.efsa.2008.822,"Vitamin K2 added for nutritional purposes in foods for particular nutritional uses, food supplements and foods intended for the general population and Vitamin K2 as a source of vitamin K added for nutritional purposes to foodstuffs, in the context of Regulation (EC) N° 258/97 ‐ Scientific Opinion of the Panel on Dietetic Products, Nutrition and Allergies",14-11-2008,2 October 2008,EFSA (collab) NDA (title),,,,nutrient source,2.1 (Complex NF),,,,,
EFSA-Q-2021-00643,10.2903/j.efsa.2023.8334,Safety of the extension of use of 2′‐fucosyllactose (2′‐FL) as a novel food pursuant to Regulation (EU) 2015/2283,09-11-2023,26 September 2023,NDA (collab), 2′‐fucosyllactose (2′‐FL) , Chr.Hansen A/S ,,extension of use,,,"Microorganisms, fungi or algae+ Modified molecular structure","Paolo COLOMBO, Estefania NORIEGA, Estefania FERNANDEZ",,
EFSA-Q-2014-00166,10.2903/j.efsa.2014.3758,Statement on the safety of ‘Cetyl Myristoleate Complex’ as an ingredient in food supplements,15-07-2014,25 June 2014,NDA (collab), ‘Cetyl Myristoleate Complex’ as an ingredient in food supplements,,,new dossier,,,,,,
EFSA-Q-2019-00767,10.2903/j.efsa.2021.6780,Safety of pasteurised Akkermansia muciniphila as a novel food pursuant to Regulation (EU) 2015/2283,01-09-2021,7 July 2021,NDA (collab), pasteurised Akkermansia muciniphila ," A-Mansia Biotech S.A., ",,new dossier,,,"Microorganisms, fungi or algae",Reinhard ACKERL,,
EFSA-Q-2016-00091,10.2903/j.efsa.2017.5002,Safety of dried aerial parts of Hoodia parviflora as a novel food pursuant to Regulation (EC) No 258/97,19-10-2017,20 September 2017,NDA (collab), dried aerial parts of Hoodia parviflora ," Desert Labs, Ltd of Israel ",,new dossier,2.2 (Complex NF),,,Reinhard ACKERL,,
EFSA-Q-2019-00203,10.2903/sp.efsa.2019.EN-1685,Technical Report on the notification of powder or juice concentrate of berries of Aristotelia chilensis as a traditional food from a third country pursuant to Article 14 of Regulation (EU) 2015/2283,16-09-2019,,EFSA (collab), powder or juice concentrate of berries of Aristotelia chilensis ,,,traditional food,,,,"Wolfgang GELBMANN, Emanuela TURLA",,
EFSA-Q-2018-00106,10.2903/j.efsa.2021.6937,Safety of Eurycoma longifolia (Tongkat Ali) root extract as a novel food pursuant to Regulation (EU) 2015/2283,22-12-2021,27 October 2021,NDA (collab), Eurycoma longifolia (Tongkat Ali) root extract , Biotropics Malaysia Berhad ,,new dossier,,,,Leonard MATIJEVIC,,
EFSA-Q-2007-181,10.2903/j.efsa.2009.998,Opinion on the safety of Tahitian Noni® ‘Morinda citrifolia (noni) fruit puree and concentrate’ as a novel food ingredient,03-04-2009,13 March 2009,EFSA (collab), Tahitian Noni® ‘Morinda citrifolia (noni) fruit puree and concentrate’ , Morinda Inc. ,,new dossier,2.2 (Complex NF),,,,,
EFSA-Q-2020-00500,10.2903/j.efsa.2022.7647,Safety of 2′‐fucosyllactose (2’‐FL) produced by a derivative strain (APC199) of Corynebacterium glutamicum ATCC 13032 as a novel food pursuant to Regulation (EU) 2015/2283,14-12-2022,26 October 2022,NDA (collab), 2′‐fucosyllactose (2’‐FL) produced by derivative strain (APC199) of Corynebacterium glutamicum ATCC 13032 , Advanced Protein Technologies Corporation ,,new dossier,,,"Microorganisms, fungi or algae+ Modified molecular structure","Paolo COLOMBO, Estefania NORIEGA, Estefania FERNANDEZ",,
EFSA-Q-2015-00052,10.2903/j.efsa.2015.4184,Safety of 2′‐O‐fucosyllactose as a novel food ingredient pursuant to Regulation (EC) No 258/97,20-07-2015,29 June 2015,NDA (collab), 2′‐O‐fucosyllactose , Glycom A/S ,,new dossier,1.2 (Chemicals),,,,,
EFSA-Q-2019-00548,10.2903/j.efsa.2022.7083,Safety of oil from Schizochytrium sp. (strain ATCC 20889) for use in infant and follow‐on formula as a novel food pursuant to Regulation (EU) 2015/2283,31-01-2022,16 December 2021,NDA (collab), oil from Schizochytrium sp. (strain ATCC 20889) for use in infant and follow‐on formula , Bioplus Life Sciences ,,new dossier,,,"Microorganisms, fungi or algae",Emanuela TURLA,,
EFSA-Q-2020-00655,10.2903/j.efsa.2022.7450,Safety of an extension of use of Yarrowia lipolytica yeast biomass as a novel food pursuant to Regulation (EU) 2015/2283,28-07-2022,1 July 2022,NDA (collab), Yarrowia lipolytica yeast biomass , Skotan S.A. ,,extension of use,,,,Reinhard ACKERL,,
EFSA-Q-2015-00469,10.2903/j.efsa.2017.4776,Safety of alginate‐konjac‐xanthan polysaccharide complex (PGX) as a novel food pursuant to Regulation (EC) No 258/97,08-05-2017,4 April 2017,NDA (collab), alginate‐konjac‐xanthan polysaccharide complex (PGX) , InovoBiologic Inc. ,,new dossier,2.1 (Complex NF),,,Emanuela TURLA,,
EFSA-Q-2014-00218,10.2903/j.efsa.2014.3843,Scientific Opinion on the extension of use for DHA and EPA‐rich algal oil from Schizochytrium sp. as a Novel Food ingredient,09-10-2014,18 September 2014,NDA (collab),, DSM Nutritional Products ,,extension of use,,,,,,
"EFSA-Q-2018-00224,EFSA-Q-2018-00344,EFSA-Q-2018-00681,EFSA-Q-2018-00682,EFSA-Q-2018-00683,EFSA-Q-2018-00684,EFSA-Q-2018-00686",10.2903/j.efsa.2019.5657,Safety of chia seeds (Salvia hispanica L.) as a novel food for extended uses pursuant to Regulation (EU) 2015/2283,17-04-2019,14 March 2019,NDA (collab), chia seeds (Salvia hispanica L.) , Sanchis Mira S.A. ,,extension of use,,,,"Wolfgang GELBMANN, Leonard MATIJEVIC",,
EFSA-Q-2021-00194,10.2903/sp.efsa.2021.EN-6808,Technical Report on the notification of dried cherry pulp from Coffea arabica L. and Coffea canephora Pierre ex A. Froehner as a traditional food from a third country pursuant to Article 14 of Regulation (EU) 2015/2283,02-09-2021,,EFSA (collab), dried cherry pulp from Coffea arabica L. and Coffea canephora Pierre ex A. Froehner ,,,traditional food,,,,"Wolfgang GELBMANN, Eirini KOULOURA, Emanuela TURLA",,
"EFSA-Q-2018-00373,EFSA-Q-2018-00685",10.2903/j.efsa.2019.5716,"Safety of chia seeds (Salvia hispanica L.) powders, as novel foods, pursuant to Regulation (EU) 2015/2283",12-06-2019,15 May 2019,NDA (collab)," chia seeds (Salvia hispanica L.) powders, ",,,new dossier,,,,Leonard MATIJEVIC,,
EFSA-Q-2010-00953,10.2903/j.efsa.2011.2127,Scientific Opinion on the safety of a “novel chewing gum base (Rev‐7®)” as a Novel Food ingredient,11-04-2011,25 March 2011,NDA (collab), “novel chewing gum base (Rev‐7®)” , Revolymer Ltd. ,,new dossier,1.2 (Chemicals),,,,,
EFSA-Q-2008-073,10.2903/j.efsa.2008.768,"Safety of ‘Ice Structuring Protein (ISP) ‐ Scientific Opinion of the Panel on Dietetic Products, Nutrition and Allergies and of the Panel on Genetically Modified Organisms",08-08-2008,9 July 2008,EFSA (collab) NDA (title) GMO (title), ‘Ice Structuring Protein (ISP) ,,,new dossier,5.1 (Microogranisms),,,,,
EFSA-Q-2006-185,10.2903/j.efsa.2008.769,"Safety of ‘leaves from Morinda citrifolia L.’ ‐ Scientific Opinion of the Panel on Dietetic Products, Nutrition and Allergies",11-08-2008,10 July 2008,EFSA (collab) NDA (title), ‘leaves from Morinda citrifolia L.’ ,,,new dossier,2.2 (Complex NF),,,,,
"EFSA-Q-2021-00088,EFSA-Q-2021-00089",10.2903/j.efsa.2022.7257,Safety of the extension of use of 2’‐fucosyllactose (2’‐FL) and lacto‐N‐neotetraose (LNnT) as novel foods in food supplements for infants pursuant to Regulation (EU) 2015/2283,04-05-2022,23 March 2022,NDA (collab), 2’‐fucosyllactose (2’‐FL) and lacto‐N‐neotetraose (LNnT) , Glycom A/S ,,extension of use,,,"Microorganisms, fungi or algae+ Modified molecular structure","Paolo COLOMBO, Estefania NORIEGA, Estefania FERNANDEZ",,
EFSA-Q-2009-00762,10.2903/j.efsa.2010.1687,Scientific Opinion on the safety of ‘Chitin‐glucan’ as a Novel Food ingredient,30-07-2010,9 July 2010,NDA (collab), ‘Chitin‐glucan’ ,,,new dossier,2.1 (Complex NF),,,,,
EFSA-Q-2015-00763,10.2903/j.efsa.2017.4681,Safety of proline‐specific oligopeptidase as a novel food pursuant to Regulation (EC) No 258/97,15-02-2017,13 December 2016,NDA (collab), proline‐specific oligopeptidase , DSM Food Specialties ,,new dossier,5.2 (Microorganisms),,,Wolfgang GELBMANN,,
EFSA-Q-2010-00952,10.2903/j.efsa.2011.2137,Scientific Opinion on the safety of ‘yeast beta‐glucans’ as a Novel Food ingredient,10-05-2011,8 April 2011,NDA (collab), ‘yeast beta‐glucans’ , Biothera Inc. ,,new dossier,2.1 (Complex NF),,,,,
EFSA-Q-2020-00263,10.2903/j.efsa.2022.7332,Safety of zinc l‐carnosine as a Novel food pursuant to Regulation (EU) 2015/2283 and the bioavailability of zinc from this source in the context of Directive 2002/46/EC on food supplements,10-06-2022,29 April 2022,NDA (collab), zinc l‐carnosine ,,,"new dossier, nutrient source",,,,Ruth ROLDAN TORRES,,
"EFSA-Q-2018-00224,EFSA-Q-2018-00344,EFSA-Q-2018-00681,EFSA-Q-2018-00682,EFSA-Q-2018-00683,EFSA-Q-2018-00684,EFSA-Q-2018-00686",10.2903/j.efsa.2019.5657,Safety of chia seeds (Salvia hispanica L.) as a novel food for extended uses pursuant to Regulation (EU) 2015/2283,17-04-2019,14 March 2019,NDA (collab), chia seeds (Salvia hispanica L.) , Sanchis Mira S.A. ,,extension of use,,,,"Wolfgang GELBMANN, Leonard MATIJEVIC",,
"EFSA-Q-2018-00224,EFSA-Q-2018-00344,EFSA-Q-2018-00681,EFSA-Q-2018-00682,EFSA-Q-2018-00683,EFSA-Q-2018-00684,EFSA-Q-2018-00686",10.2903/j.efsa.2019.5657,Safety of chia seeds (Salvia hispanica L.) as a novel food for extended uses pursuant to Regulation (EU) 2015/2283,17-04-2019,14 March 2019,NDA (collab), chia seeds (Salvia hispanica L.) , Sanchis Mira S.A. ,,extension of use,,,,"Wolfgang GELBMANN, Leonard MATIJEVIC",,
EFSA-Q-2018-01032,10.2903/j.efsa.2021.6600,Safety of dried fruits of Synsepalum dulcificum as a novel food pursuant to Regulation (EU) 2015/2283,11-06-2021,27 April 2021,NDA (collab), dried fruits of Synsepalum dulcificum , Ba € ıa Food Co. (Medicinal Gardens S.L.) ,,new dossier,,,Plants,Leonard MATIJEVIC,,
EFSA-Q-2018-00279,10.2903/j.efsa.2020.6196,Safety of hot water extract of fruits and peduncles of Hovenia dulcis as a novel food pursuant to Regulation 1(EU) 2015/2283,28-08-2020,30 June 2020,NDA (collab), hot water extract of fruits and peduncles of Hovenia dulcis , Hovenia dulcis AB ,,new dossier,,,,Wolfgang GELBMANN,,
EFSA-Q-2021-00170,10.2903/j.efsa.2023.8412,Safety of lacto‐N‐fucopentaose I/2’‐fucosyllactose (LNFP‐I/2’‐FL) mixture as a novel food pursuant to Regulation (EU) 2015/2283,01-12-2023,26 October 2023,NDA (collab), lacto‐N‐fucopentaose I/2’‐fucosyllactose (LNFP‐I/2’‐FL) mixture , Glycom A/S ,,new dossier,,,"Microorganisms, fungi or algae+ Modified molecular structure","Paolo COLOMBO, Estefania NORIEGA, Estefania FERNANDEZ",,
EFSA-Q-2009-00765,10.2903/j.efsa.2011.2136,Scientific Opinion on the safety of a ‘fermented black bean extract (Touchi extract)’ as a Novel Food ingredient,10-05-2011,8 April 2011,NDA (collab), ‘fermented black bean extract (Touchi extract)’ , CBC Co. Ltd. ,,new dossier,2.1 (Complex NF),,,,,
EFSA-Q-2010-00127,10.2903/j.efsa.2010.1772,Scientific Opinion on the safety of ‘phosphated distarch phosphate’ as a Novel Food ingredient,30-09-2010,10 September 2010,NDA (collab), ‘phosphated distarch phosphate’ , National Starch Food Innovation ,,new dossier,2.1 (Complex NF),,,,,
EFSA-Q-2018-00769,10.2903/j.efsa.2020.6005,Safety of chromium‐enriched biomass of Yarrowia lipolytica as a novel food pursuant to Regulation (EU) 2015/2283,06-03-2020,23 January 2020,NDA (collab), chromium‐enriched biomass of Yarrowia lipolytica ,,,new dossier,,,"Microorganisms, fungi or algae",Reinhard ACKERL,,
"EFSA-Q-2018-00224,EFSA-Q-2018-00344,EFSA-Q-2018-00681,EFSA-Q-2018-00682,EFSA-Q-2018-00683,EFSA-Q-2018-00684,EFSA-Q-2018-00686",10.2903/j.efsa.2019.5657,Safety of chia seeds (Salvia hispanica L.) as a novel food for extended uses pursuant to Regulation (EU) 2015/2283,17-04-2019,14 March 2019,NDA (collab), chia seeds (Salvia hispanica L.) , Sanchis Mira S.A. ,,extension of use,,,,"Wolfgang GELBMANN, Leonard MATIJEVIC",,
EFSA-Q-2018-00104,10.2903/j.efsa.2018.5360,Safety of Whey basic protein isolates as a novel food pursuant to Regulation (EU) 2015/2283,27-07-2018,27 June 2018,NDA (collab), Whey basic protein isolates , S.A.S. ,,new dossier,,,,,,
EFSA-Q-2021-00053,10.2903/sp.efsa.2021.EN-6658,Technical Report on the notification of fresh plants of Wolffia arrhiza and Wolffia globosa as a traditional food from a third country pursuant to Article 14 of Regulation (EU) 2015/2283,30-06-2021,,EFSA (collab), fresh plants of Wolffia arrhiza and Wolffia globosa ,,,traditional food,,,,"Wolfgang GELBMANN, Eirini KOULOURA, Emanuela TURLA",,
EFSA-Q-2019-00589,10.2903/j.efsa.2022.7258,Safety of partially defatted house cricket (Acheta domesticus) powder as a novel food pursuant to Regulation (EU) 2015/2283,13-05-2022,23 March 2022,NDA (collab), partially defatted house cricket (Acheta domesticus) powder ," Cricket One Co., Ltd, ",,new dossier,,,,Domenico AZZOLLINI,,
EFSA-Q-2012-00418,10.2903/j.efsa.2012.2891,Statement on the safety of synthetic zeaxanthin as an ingredient in food supplements,04-10-2012,13 September 2012,NDA (collab), synthetic zeaxanthin as an ingredient in food supplements,,,new dossier,,,,,,
EFSA-Q-2021-00354,10.2903/j.efsa.2023.8026,Safety of 3‐fucosyllactose (3‐FL) produced by a derivative strain of Escherichia coli K‐12 DH1 as a novel food pursuant to Regulation (EU) 2015/2283,08-06-2023,27 April 2023,NDA (collab), 3‐fucosyllactose (3‐FL) produced by derivative strain of Escherichia coli K‐12 DH1 , Glycom A/S ,,new dossier,,,"Microorganisms, fungi or algae+ Modified molecular structure","Paolo COLOMBO, Estefania NORIEGA, Estefania FERNANDEZ",,
EFSA-Q-2021-00447,10.2903/j.efsa.2023.8025,Safety of 6′‐sialyllactose (6′‐SL) sodium salt produced by a derivative strain (Escherichia coli NEO6) of E. coli W (ATCC 9637) as a Novel Food pursuant to Regulation (EU) 2015/2283,12-06-2023,27 April 2023,NDA (collab), 6′‐sialyllactose (6′‐SL) sodium salt produced by derivative strain (Escherichia coli NEO6) of E. coli W (ATCC 9637) ,,,new dossier,,,"Microorganisms, fungi or algae+ Modified molecular structure","Paolo COLOMBO, Estefania NORIEGA, Estefania FERNANDEZ",,
"EFSA-Q-2018-00373,EFSA-Q-2018-00685",10.2903/j.efsa.2019.5716,"Safety of chia seeds (Salvia hispanica L.) powders, as novel foods, pursuant to Regulation (EU) 2015/2283",12-06-2019,15 May 2019,NDA (collab)," chia seeds (Salvia hispanica L.) powders, ",,,new dossier,,,,Leonard MATIJEVIC,,
EFSA-Q-2013-00335,10.2903/j.efsa.2014.3520,Scientific Opinion on the safety of vitamin D‐enriched UV‐treated baker's yeast,13-01-2014,12 December 2013,NDA (collab), vitamin D‐enriched UV‐treated baker's yeast, Lallemand SAS ,,new dossier,2.1 (Complex NF),,,,,
EFSA-Q-2019-00121,10.2903/j.efsa.2021.6779,Safety of frozen and dried formulations from whole house crickets (Acheta domesticus) as a Novel food pursuant to Regulation (EU) 2015/2283,17-08-2021,7 July 2021,NDA (collab), frozen and dried formulations from whole house crickets (Acheta domesticus) , Fair Insects BV (A Protix Company) ,,new dossier,,,Animals,Tilemachos GOUMPERIS,,
EFSA-Q-2019-00395,10.2903/sp.efsa.2019.EN-1724,Technical Report on the notification of pulp from Theobroma cacao L. as a traditional food from a third country pursuant to Article 14 of Regulation (EU) 2015/2283,06-11-2019,,EFSA (collab), pulp from Theobroma cacao L. ,,,traditional food,,,,"Wolfgang GELBMANN, Emanuela TURLA",,
EFSA-Q-2020-00492,10.2903/j.efsa.2022.7549,Safety of iron milk proteinate as a novel food pursuant to Regulation (EU) 2015/2283 and bioavailability of iron from this source in the context of Directive 2002/46/EC,16-09-2022,4 August 2022,NDA (collab), iron milk proteinate , Soci et e des Produits Nestl e S.A. ,,"new dossier, nutrient source",,,,Reinhard ACKERL,,
EFSA-Q-2010-01269,10.2903/j.efsa.2012.2701,Scientific Opinion on bovine lactoferrin,24-05-2012,27 April 2012,NDA (collab), bovine lactoferrin, FrieslandCampina (formerly DMV International) ,,new dossier,2.1 (Complex NF),,,,,
EFSA-Q-2018-00223,10.2903/j.efsa.2019.5594,Safety of Yarrowia lipolytica yeast biomass as a novel food pursuant to Regulation (EU) 2015/2283,14-02-2019,17 January 2019,NDA (collab), Yarrowia lipolytica yeast biomass , Skotan S.A. ,,new dossier,,,,Reinhard ACKERL,,
EFSA-Q-2020-00200,10.2903/j.efsa.2021.6935,Safety of iron hydroxide adipate tartrate as a novel food pursuant to Regulation (EU) 2015/2283 and as a source of iron in the context of Directive 2002/46/EC,10-12-2021,27 October 2021,NDA (collab), iron hydroxide adipate tartrate ,,,"new dossier, nutrient source",,,,Andrea GERMINI,,
EFSA-Q-2020-00229,10.2903/j.efsa.2022.7085,Safety of dried coffee husk (cascara) from Coffea arabica L. as a Novel food pursuant to Regulation (EU) 2015/2283,25-02-2022,16 December 2021,NDA (collab), dried coffee husk (cascara) from Coffea arabica L. , Panama Varietals GmbH 1 ,,new dossier,,,Plants,Ermolaos VERVERIS,,
EFSA-Q-2020-00850,10.2903/j.efsa.2023.8414,Safety of oil from Schizochytrium limacinum (strain TKD‐1) for use in infant and follow‐on formula as a novel food pursuant to Regulation (EU) 2015/2283,06-12-2023,26 October 2023,NDA (collab), oil from Schizochytrium limacinum (strain TKD‐1) for use in infant and follow‐on formula ,,,new dossier,,,"Microorganisms, fungi or algae",Emanuela TURLA,,
EFSA-Q-2019-00594,10.2903/sp.efsa.2020.EN-1783,Technical Report on the notification of infusion from coffee leaves (Coffea arabica L. and/or Coffea canephora Pierre ex A. Froehner) as a traditional food from a third country pursuant to Article 14 of Regulation (EU) 2015/2283,03-02-2020,,EFSA (collab), infusion from coffee leaves (Coffea arabica L. and/or Coffea canephora Pierre ex A. Froehner) ,,,traditional food,,,,"Wolfgang GELBMANN, Emanuela TURLA, Eirini KOULOURA",,
EFSA-Q-2019-00240,10.2903/j.efsa.2021.6661,Safety of calcium fructoborate as a novel food pursuant to Regulation (EU) 2015/2283,05-07-2021,25 May 2021,NDA (collab), calcium fructoborate ," VDF FutureCeuticals, Inc ",,new dossier,,,Modified molecular structure,Annamaria ROSSI,,
EFSA-Q-2011-00918,10.2903/j.efsa.2015.3954,Scientific Opinion on the safety of Arracacia xanthorrhiza as a novel food,09-01-2015,9 December 2014,NDA (collab), Arracacia xanthorrhiza ," Euroandina de Importaciones S.L (Madrid, Spain) ",,new dossier,2.2 (Complex NF),,,,,
EFSA-Q-2009-00833,10.2903/j.efsa.2010.1685,Scientific Opinion on the safety of ”Lentinus edodes extract” (Lentinex®) as a Novel Food ingredient,30-07-2010,9 July 2010,NDA (collab), ”Lentinus edodes extract” (Lentinex®) ,,,new dossier,2.1 (Complex NF),,,,,
EFSA-Q-2019-00748,10.2903/j.efsa.2023.8009,Safety of UV‐treated powder of whole yellow mealworm (Tenebrio molitor larva) as a novel food pursuant to Regulation (EU) 2015/2283,01-06-2023,28 March 2023,NDA (collab), UV‐treated powder of whole yellow mealworm (Tenebrio molitor larva) ," Nutri'Earth, ",,new dossier,,,Animals,"Panagiota Zakidou, Ermolaos VERVERIS",,
EFSA-Q-2008-027,10.2903/j.efsa.2009.938,Safety of ‘Lipid extract from Euphausia superba’ as a novel food ingredient Safety of ‘Lipid extract from Euphausia superba’ as a novel food ingredient,13-02-2009,22 January 2009,EFSA (collab), ‘Lipid extract from Euphausia superba’ , Neptune Technologies & Bioresources Inc. ,,new dossier,2.2 (Complex NF),,,,,
EFSA-Q-2021-00757,10.2903/sp.efsa.2022.EN-7314,Technical Report on the notification of nuts of Canarium ovatum Engl. as a traditional food from a third country pursuant to Article 14 of Regulation (EU) 2015/2283,13-05-2022,,EFSA (collab), nuts of Canarium ovatum Engl. ,,,traditional food,,,,"Wolfgang GELBMANN, Eirini KOULOURA, Emanuela TURLA",,
EFSA-Q-2016-00520,10.2903/j.efsa.2017.5001,Safety of 1‐methylnicotinamide chloride (1‐MNA) as a novel food pursuant to Regulation (EC) No 258/97,26-10-2017,20 September 2017,NDA (collab), 1‐methylnicotinamide chloride (1‐MNA) , Pharmena S.A. ,,new dossier,1.1 (Chemicals),,,"Wolfgang GELBMANN, Ermolaos VERVERIS",,
EFSA-Q-2013-00232,10.2903/j.efsa.2013.3422,Scientific Opinion on the safety of “coriander seed oil” as a Novel Food ingredient,24-10-2013,10 October 2013,NDA (collab), “coriander seed oil” , Nestec Ltd. ,,new dossier,2.1 (Complex NF),,,,,
EFSA-Q-2020-00422,10.2903/j.efsa.2021.6670,Safety of Cetylated Fatty Acids as a Novel Food pursuant to Regulation (EU) 2015/2283,21-07-2021,26 May 2021,NDA (collab), Cetylated Fatty Acids , Pharmanutra S.p.A. ,,new dossier,,,Modified molecular structure,Wolfgang GELBMANN,,
EFSA-Q-2020-00475,10.2903/j.efsa.2022.7137,Safety of bovine milk osteopontin as a Novel food pursuant to Regulation (EU) 2015/2283,06-05-2022,26 January 2022,NDA (collab), bovine milk osteopontin , Arla Foods Ingredients Group P/S ,,new dossier,,,Animals,Wolfgang GELBMANN,,
EFSA-Q-2015-00294,10.2903/j.efsa.2016.4541,Safety of fermented soybean extract NSK‐SD® as a novel food pursuant to Regulation (EC) No 258/97,28-07-2016,28 June 2016,NDA (collab), fermented soybean extract NSK‐SD® , Japan Bio Science Laboratory (JBSL) ,,new dossier,2.1 (Complex NF),,,,,
EFSA-Q-2021-00407,10.2903/j.efsa.2023.8333,Safety of 2′‐fucosyllactose (2’‐FL) produced by a derivative strain (Escherichia coli SGR5) of E. coli W (ATCC 9637) as a Novel Food pursuant to Regulation (EU) 2015/2283,14-11-2023,26 September 2023,NDA (collab), 2′‐fucosyllactose (2’‐FL) produced by derivative strain (Escherichia coli SGR5) of E. coli W (ATCC 9637) ," Kyowa Hakko Bio Co., Ltd.",,new dossier,,,"Microorganisms, fungi or algae+ Modified molecular structure","Paolo COLOMBO, Estefania NORIEGA, Estefania FERNANDEZ",,
EFSA-Q-2018-00144,10.2903/sp.efsa.2018.EN-1443,Technical Report on the notification of decorticated grains of Digitaria exilis (Kippist) Stapf as a traditional food from a third country pursuant to Article 14 of Regulation (EU) 2015/2283,20-07-2018,,EFSA (collab), decorticated grains of Digitaria exilis (Kippist) Stapf ,,,traditional food,,,,"Wolfgang GELBMANN, Emanuela TURLA, Eirini KOULOURA",,
EFSA-Q-2012-00961,10.2903/j.efsa.2017.4682,Scientific Opinion on taxifolin‐rich extract from Dahurian Larch (Larix gmelinii),14-02-2017,13 December 2016,NDA (collab), taxifolin‐rich extract from Dahurian Larch (Larix gmelinii), Ametis JSC ,,new dossier,2.2 (Complex NF),,,Wolfgang GELBMANN,,
EFSA-Q-2019-00448,10.2903/j.efsa.2020.6305,Safety of lacto‐N‐neotetraose (LNnT) produced by derivative strains of E. coli BL21 as a novel food pursuant to Regulation (EU) 2015/2283,19-11-2020,22 October 2020,NDA (collab), lacto‐N‐neotetraose (LNnT) produced by derivative strains of E. coli BL21 ,,,new dossier,,,"Microorganisms, fungi or algae+ Modified molecular structure",Paolo COLOMBO,,
EFSA-Q-2020-00040,10.2903/j.efsa.2022.7205,Safety of pea and rice protein fermented by Shiitake (Lentinula edodes) mycelia as a Novel food pursuant to Regulation (EU) 2015/2283,06-04-2022,28 February 2022,NDA (collab), pea and rice protein fermented by Shiitake (Lentinula edodes) mycelia ," MycoTechnology, Inc., ",,new dossier,,,"Microorganisms, fungi or algae",Ruth ROLDAN TORRES,,
EFSA-Q-2020-00625,10.2903/j.efsa.2022.7331,Safety of 3’‐sialyllactose (3’‐SL) sodium salt produced by derivative strains of Escherichia coli BL21 (DE3) as a Novel Food pursuant to Regulation (EU) 2015/2283,25-05-2022,29 April 2022,NDA (collab), 3’‐sialyllactose (3’‐SL) sodium salt produced by derivative strains of Escherichia coli BL21 (DE3) , Chr.Hansen A/S ,,new dossier,,,"Microorganisms, fungi or algae+ Modified molecular structure","Paolo COLOMBO, Estefania NORIEGA, Estefania FERNANDEZ",,
EFSA-Q-2019-00204,10.2903/j.efsa.2020.6098,Safety of 3’‐Sialyllactose (3’‐SL) sodium salt as a novel food pursuant to Regulation (EU) 2015/2283,14-05-2020,25 March 2020,NDA (collab), 3’‐Sialyllactose (3’‐SL) sodium salt ,,,new dossier,,,,,,
EFSA-Q-2022-00588,10.2903/j.efsa.2023.8338,Safety of a change in specifications of the novel food oleoresin from Haematococcus pluvialis containing astaxanthin pursuant to Regulation (EU) 2015/2283,08-11-2023,26 September 2023,NDA (collab), change in specifications of the novel food oleoresin from Haematococcus pluvialis containing astaxanthin pursuant to Regulation (EU) 2015/2283, Astareal AB ,,new dossier,,,"Microorganisms, fungi or algae",Wolfgang GELBMANN,,
EFSA-Q-2019-00323,10.2903/j.efsa.2021.6345,Safety of oil from Schizochytrium limacinum (strain FCC‐3204) for use in food supplements as a novel food pursuant to Regulation (EU) 2015/2283,19-01-2021,24 November 2020,NDA (collab), oil from Schizochytrium limacinum (strain FCC‐3204) , Fermentalg ,,new dossier,,,"Microorganisms, fungi or algae",Emanuela TURLA,,
EFSA-Q-2022-00371,10.2903/sp.efsa.2022.EN-7640,Technical Report on the notification of dried nuts of Canarium amboinense Hochr. as a traditional food from a third country pursuant to Article 14 of Regulation (EU) 2015/2283,11-11-2022,,EFSA (collab), dried nuts of Canarium amboinense Hochr. ,,,traditional food,,,,"Wolfgang GELBMANN, Eirini KOULOURA, Emanuela TURLA",,
EFSA-Q-2008-697,10.2903/j.efsa.2008.893,"Safety of ‘Lycopene Cold Water Dispersible Products from Blakeslea trispora’ ‐ Scientific Opinion of the Panel on Dietetic Products, Nutrition and Allergies",19-12-2008,4 December 2008,EFSA (collab) NDA (title), ‘Lycopene Cold Water Dispersible Products from Blakeslea trispora’ ,,,new dossier,2.2 (Complex NF),,,,,
EFSA-Q-2018-00145,10.2903/sp.efsa.2018.EN-1442,Technical Report on the notification of berries of Lonicera caerulea L. as a traditional food from a third country pursuant to Article 14 of Regulation (EU) 2015/2283,20-07-2018,,EFSA (collab), berries of Lonicera caerulea L. ,,,traditional food,,,,"Wolfgang GELBMANN, Emanuela TURLA, Eirini KOULOURA",,
EFSA-Q-2009-00529,10.2903/j.efsa.2010.1686,Scientific Opinion on the safety of ‘Cetyl Myristoleate Complex’ as a food ingredient,30-07-2010,9 July 2010,NDA (collab), ‘Cetyl Myristoleate Complex’ ,,,new dossier,2.1 (Complex NF),,,,,
EFSA-Q-2007-119,10.2903/j.efsa.2008.676,"Safety of Synthetic Lycopene ‐ Scientific Opinion of the Panel on Scientific Panel on Dietetic Products, Nutrition and Allergies",30-04-2008,10 April 2008,EFSA (collab) NDA (title), Synthetic Lycopene , the BASF AG ,,new dossier,6 (Production process),,,,,
EFSA-Q-2018-00226,10.2903/j.efsa.2018.5362,Safety of Allanblackia seed oil for extended uses in vegetable oils and milk and in yellow fat and cream‐based spreads up to 30% (w/w),03-08-2018,27 June 2018,NDA (collab), Allanblackia seed oil , Unilever NV/Unilever PLC ,,extension of use,,,,Wolfgang GELBMANN,,
"EFSA-Q-2018-00224,EFSA-Q-2018-00344,EFSA-Q-2018-00681,EFSA-Q-2018-00682,EFSA-Q-2018-00683,EFSA-Q-2018-00684,EFSA-Q-2018-00686",10.2903/j.efsa.2019.5657,Safety of chia seeds (Salvia hispanica L.) as a novel food for extended uses pursuant to Regulation (EU) 2015/2283,17-04-2019,14 March 2019,NDA (collab), chia seeds (Salvia hispanica L.) , Sanchis Mira S.A. ,,extension of use,,,,"Wolfgang GELBMANN, Leonard MATIJEVIC",,
EFSA-Q-2020-00417,10.2903/j.efsa.2022.7326,Safety of vitamin D2 mushroom powder as a Novel food pursuant to Regulation (EU) 2015/2283 (NF 2019/1471),10-06-2022,26 April 2022,NDA (collab), vitamin D2 mushroom powder ,,,new dossier,,,"Microorganisms, fungi or algae",Ruth ROLDAN TORRES,,
EFSA-Q-2022-00237,10.2903/sp.efsa.2022.EN-7538,Technical Report on the notification of roasted and popped kernels from the seeds of Euryale ferox Salisb. as a traditional food from a third country pursuant to Article 14 of Regulation (EU) 2015/2283,05-09-2022,,EFSA (collab), roasted and popped kernels from the seeds of Euryale ferox Salisb. ,,,traditional food,,,,"Wolfgang GELBMANN, Eirini KOULOURA, Emanuela TURLA",,
EFSA-Q-2020-00466,10.2903/j.efsa.2021.6844,Safety of the extension of use of galacto‐oligosaccharides as a Novel food pursuant to Regulation (EU) 2015/2283,27-10-2021,14 September 2021,NDA (collab), galacto‐oligosaccharides , Dairy Crest Ltd trading as Saputo Dairy UK ,,extension of use,,,"Microorganisms, fungi or algae",Paolo COLOMBO,,
EFSA-Q-2017-00448,10.2903/j.efsa.2017.5060,"Statement on the safety of synthetic l‐ergothioneine as a novel food – supplementary dietary exposure and safety assessment for infants and young children, pregnant and breastfeeding women",13-11-2017,25 October 2017,NDA (collab), synthetic l‐ergothioneine ,,,new dossier,,,,Reinhard ACKERL,,
EFSA-Q-2018-00262,10.2903/j.efsa.2021.6343,Safety of dried yellow mealworm (Tenebrio molitor larva) as a novel food pursuant to Regulation (EU) 2015/2283,13-01-2021,24 November 2020,NDA (collab), dried yellow mealworm (Tenebrio molitor larva) , SAS EAP Group ,,new dossier,,,,Ermolaos VERVERIS,,
"EFSA-Q-2021-00090, EFSA-Q-2021-00091",10.2903/j.efsa.2022.7140,Safety of the extension of use of 2’‐fucosyllactose/difucosyllactose (2’‐FL/DFL) mixture and lacto‐N‐tetraose (LNT) as novel foods in food supplements for infants pursuant to Regulation (EU) 2015/2283,03-03-2022,26 January 2022,NDA (collab), 2’‐fucosyllactose/difucosyllactose (2’‐FL/DFL) mixture and lacto‐N‐tetraose (LNT) , Glycom A/S ,,extension of use,,,"Microorganisms, fungi or algae+ Modified molecular structure","Paolo COLOMBO, Estefania NORIEGA, Estefania FERNANDEZ",,
EFSA-Q-2014-00232,10.2903/j.efsa.2016.4368,Safety of synthetic trans‐resveratrol as a novel food pursuant to Regulation (EC) No 258/97,12-01-2016,11 December 2015,NDA (collab), synthetic trans‐resveratrol , DSM Nutritional Products Ltd. ,,new dossier,6 (Production process),,,,,
EFSA-Q-2012-00653,10.2903/j.efsa.2013.3423,Scientific Opinion on the safety of “Methyl Vinyl Ether‐Maleic Anhydride Copolymer” (chewing gum base ingredient) as a Novel Food ingredient,25-10-2013,10 October 2013,NDA (collab), “Methyl Vinyl Ether‐Maleic Anhydride Copolymer” (chewing gum base ingredient) , Reading Scientific Services Ltd.(United Kingdom) ,,new dossier,1.2 (Chemicals),,,,,
EFSA-Q-2017-00554,10.2903/j.efsa.2017.5059,Statement on the safety of taxifolin‐rich extract from Dahurian Larch (Larix gmelinii),13-11-2017,25 October 2017,NDA (collab), taxifolin‐rich extract from Dahurian Larch (Larix gmelinii),,,new dossier,,,,Wolfgang GELBMANN,,
EFSA-Q-2020-00465,10.2903/j.efsa.2022.7596,Safety of cellobiose as a novel food pursuant to regulation (EU) 2015/2283,09-11-2022,28 September 2022,NDA (collab), cellobiose , SAVANNA Ingredients GmbH ,,new dossier,,,Modified molecular structure,Océane ALBERT,,
EFSA-Q-2018-00343,10.2903/j.efsa.2022.7449,Safety of β‐hydroxybutyrate salts as a novel food pursuant to Regulation (EU) 2015/2283,13-10-2022,1 July 2022,NDA (collab), β‐hydroxybutyrate salts ,,,new dossier,,,Modified molecular structure,"Océane ALBERT, Tilemachos GOUMPERIS",,
EFSA-Q-2014-00301,10.2903/j.efsa.2015.3955,Statement on the post‐marketing monitoring of the use of lycopene,09-01-2015,9 December 2014,NDA (collab),,,,new dossier,,,,,,
EFSA-Q-2018-00697,10.2903/j.efsa.2018.5485,Statement on the safety of d‐ribose,13-12-2018,24 October 2018,NDA (collab), d‐ribose,,,new dossier,,,,Andrea GERMINI,,
EFSA-Q-2014-00836,10.2903/j.efsa.2015.4148,"Scientific Opinion on the safety of UV‐treated bread as a novel food EFSA Panel on Dietetic Products, Nutrition and Allergies",01-07-2015,11 June 2015,NDA (collab) NDA (title), UV‐treated bread , Viasolde AB ,,new dossier,6 (Production process),,,,,
EFSA-Q-2019-00047,10.2903/j.efsa.2023.7903,Safety of water lentil protein concentrate from a mixture of Lemna gibba and Lemna minor as a novel food pursuant to Regulation (EU) 2015/2283,17-04-2023,28 February 2023,NDA (collab), water lentil protein concentrate from mixture of Lemna gibba and Lemna minor , ABC Kroos BV ,,new dossier,,,Plants,Eirini KOULOURA,,
EFSA-Q-2008-306,10.2903/j.efsa.2009.1099,Opinion of the safety of glucosamine hydrochloride from Aspergillus niger as food ingredient,04-06-2009,15 May 2009,EFSA (collab), glucosamine hydrochloride from Aspergillus niger , Cargill Inc. ,,new dossier,2.1 (Complex NF),,,,,
EFSA-Q-2020-00747,10.2903/j.efsa.2022.7203,Safety of the extension of use of galacto‐oligosaccharides (GOS) as a novel food in food for special medical purposes pursuant to Regulation (EU) 2015/2283,30-03-2022,28 February 2022,NDA (collab), galacto‐oligosaccharides (GOS) ,,,extension of use,,,"Microorganisms, fungi or algae",Paolo COLOMBO,,
EFSA-Q-2017-00665,10.2903/j.efsa.2018.5361,Safety of xylo‐oligosaccharides (XOS) as a novel food pursuant to Regulation (EU) 2015/2283,23-07-2018,27 June 2018,NDA (collab), xylo‐oligosaccharides (XOS) , Longlive Europe Food Division Ltd. ,,new dossier,,,,Emanuela TURLA,,
EFSA-Q-2019-00550,10.2903/j.efsa.2021.6516,Safety of Vitamin D2 mushroom powder (Agaricus bisporus) as a Novel food pursuant to Regulation (EU) 2015/2283,08-04-2021,24 February 2021,NDA (collab), Vitamin D2 mushroom powder (Agaricus bisporus) ," MBio, Monaghan Mushrooms ",,new dossier,,,"Microorganisms, fungi or algae",Ruth ROLDAN TORRES,,
EFSA-Q-2018-00542,10.2903/j.efsa.2022.6998,Safety of hydrothermally treated kernels from edible Jatropha curcas L. (Chuta) as a novel food pursuant to Regulation (EU) 2015/2283,21-01-2022,24 November 2021,NDA (collab), hydrothermally treated kernels from edible Jatropha curcas L. (Chuta) , JatroSolutions GmbH ,,new dossier,,,Plants,Paolo COLOMBO,,
EFSA-Q-2007-059,10.2903/j.efsa.2007.580,"Opinion of the Scientific Panel on Dietetic Products, Nutrition and Allergies on a request from the Commission related to the safety of Allanblackia seed oil for use in yellow fat and cream based spreads",21-12-2007,25 October 2007,EFSA (collab) NDA (title), Allanblackia seed oil for use in yellow fat and cream based spreads, ,,new dossier,1.2 (Chemicals),,,,,
EFSA-Q-2019-00115,10.2903/j.efsa.2021.6667,Safety of frozen and dried formulations from migratory locust (Locusta migratoria) as a Novel food pursuant to Regulation (EU) 2015/2283,02-07-2021,25 May 2021,NDA (collab), frozen and dried formulations from migratory locust (Locusta migratoria) , Fair Insects BV (A Protix Company) ,,new dossier,,,Animals,Domenico AZZOLLINI,,
EFSA-Q-2004-013Aa,10.2903/j.efsa.2006.303,"Opinion of the Scientific Panel on Dietetic Products, Nutrition and Allergies on a request from the Commission related to maize‐germ oil high in unsaponifiable matter as a novel food ingredient",12-01-2006,6 December 2005,EFSA (collab) NDA (title),, Expanscience (formerly Pharmascience) ,,new dossier,6 (Production process),f (Production process),,,,
EFSA-Q-2015-00749,10.2903/j.efsa.2017.4728,Safety of hydroxytyrosol as a novel food pursuant to Regulation (EC) No 258/97,10-03-2017,31 January 2017,NDA (collab), hydroxytyrosol , Seprox Biotech ,,new dossier,1.2 (Chemicals),,,Emanuela TURLA,,
EFSA-Q-2011-01155,10.2903/j.efsa.2012.2812,Scientific Opinion on dihydrocapsiate,17-07-2012,28 June 2012,NDA (collab), dihydrocapsiate, Toxico-Logical Consulting Ltd on behalf of the ,,new dossier,1.2 (Chemicals),,,,,
EFSA-Q-2016-00659,10.2903/j.efsa.2017.5058,Safety of pyrroloquinoline quinone disodium salt as a novel food pursuant to Regulation (EC) No 258/97,20-11-2017,24 October 2017,NDA (collab), pyrroloquinoline quinone disodium salt ," Mitsubishi Gas Chemical Company, Inc. ",,new dossier,1.2 (Chemicals),,,Agnès DE SESMAISONS,,
EFSA-Q-2017-00679,10.2903/j.efsa.2018.5267,Safety of shrimp peptide concentrate as a novel food pursuant to Regulation (EU) 2015/2283,16-05-2018,18 April 2018,NDA (collab), shrimp peptide concentrate , Medfiles Ltd (on the behalf of the Marealis AS Company) ,,new dossier,,,,Leonard MATIJEVIC,,
EFSA-Q-2016-00325,10.2903/j.efsa.2017.4777,Safety of cranberry extract powder as a novel food ingredient pursuant to Regulation (EC) No 258/97,12-05-2017,4 April 2017,NDA (collab), cranberry extract powder , Ocean Spray Cranberries Inc. ,,new dossier,2.1 (Complex NF),,,Wolfgang GELBMANN,,
EFSA-Q-2018-00796,10.2903/j.efsa.2020.5992,Safety of selenium‐enriched biomass of Yarrowia lipolytica as a novel food pursuant to Regulation (EU) 2015/2283,31-01-2020,18 December 2019,NDA (collab), selenium‐enriched biomass of Yarrowia lipolytica ,,,new dossier,,,"Microorganisms, fungi or algae",Reinhard ACKERL,,
EFSA-Q-2020-00512,10.2903/j.efsa.2022.7598,Safety of Lemna minor and Lemna gibba whole plant material as a novel food pursuant to Regulation (EU) 2015/2283,30-11-2022,28 September 2022,NDA (collab), Lemna minor and Lemna gibba whole plant material ,,,new dossier,,,Plants,Eirini KOULOURA,,
EFSA-Q-2014-00444,10.2903/j.efsa.2015.4029,Scientific Opinion on the safety of refined Buglossoides oil as a novel food ingredient,25-02-2015,5 February 2015,NDA (collab), refined Buglossoides oil , Technology Crops International ,,new dossier,2.2 (Complex NF),,,,,
EFSA-Q-2019-00700,10.2903/sp.efsa.2020.EN-1817,Technical Report on the notification of roasted seeds from Plukenetia volubilis L. as a traditional food from a third country pursuant to Article 14 of Regulation (EU) 2015/2283,23-03-2020,,EFSA (collab), roasted seeds from Plukenetia volubilis L. ,,,traditional food,,,,"Wolfgang GELBMANN, Emanuela TURLA",,
EFSA-Q-2003-075,10.2903/j.efsa.2004.15,"Opinion of the Scientific Panel on Dietetic products, nutrition and allergies [NDA] related to a Novel Food application from Forbes Medi‐Tech for approval of plant sterol‐containing milk‐based beverages",09-03-2004,25 November 2003,EFSA (collab) NDA (title),,,,new dossier,1.1 (Chemicals),,,,,
EFSA-Q-2019-00043,10.2903/j.efsa.2020.6100,Safety of dried whole cell Euglena gracilis as a novel food pursuant to Regulation (EU) 2015/2283,14-05-2020,25 March 2020,NDA (collab), dried whole cell Euglena gracilis , Kemin Foods L.C. ,,new dossier,,,"Microorganisms, fungi or algae",Reinhard ACKERL,,
EFSA-Q-2019-00169,10.2903/j.efsa.2020.6097,Safety of 6′‐Sialyllactose (6′‐SL) sodium salt as a novel food pursuant to Regulation (EU) 2015/2283,14-05-2020,23 March 2020,NDA (collab), 6′‐Sialyllactose (6′‐SL) sodium salt , Glycom A/S ,,new dossier,,,"Microorganisms, fungi or algae+ Modified molecular structure",Paolo COLOMBO,,
EFSA-Q-2008-031,10.2903/j.efsa.2009.997,Opinion on the safety of ‘Alfalfa protein concentrate’ as food,03-04-2009,13 March 2009,EFSA (collab), ‘Alfalfa protein concentrate’ , Viridis S.A. ,,new dossier,2.1 (Complex NF),,,,,
EFSA-Q-2019-1692,10.2903/sp.efsa.2019.EN-1672,Technical Report on the notification of leaf powder of Moringa stenopetala as a traditional food from a third country pursuant to Article 14 of Regulation (EU) 2015/2283,13-09-2019,,EFSA (collab), leaf powder of Moringa stenopetala ,,,traditional food,,,,"Wolfgang GELBMANN, Emanuela TURLA",,
EFSA-Q-2018-00103,10.2903/j.efsa.2018.5363,Safety of egg membrane hydrolysate as a novel food pursuant to Regulation (EU) 2015/2283,23-07-2018,27 June 2018,NDA (collab), egg membrane hydrolysate , Biova LLC ,,new dossier,,,,Reinhard ACKERL,,
EFSA-Q-2018-00247,10.2903/j.efsa.2020.5993,Safety of astaxanthin for its use as a novel food in food supplements,05-02-2020,18 December 2019,NDA (collab), astaxanthin ,,,new dossier,,,,"Reinhard ACKERL, Wolfgang GELBMANN",,
EFSA-Q-2019-00694,10.2903/j.efsa.2022.7611,Safety of an aqueous ethanolic extract of Labisia pumila as a novel food pursuant to Regulation (EU) 2015/2283,10-11-2022,28 September 2022,NDA (collab), an aqueous ethanolic extract of Labisia pumila , Orchid Life Sdn Bhd1 ,,new dossier,,,Plants,"Océane ALBERT, Leonard MATIJEVIC",,
EFSA-Q-2018-00601,10.2903/j.efsa.2020.5948,Safety of vitamin D2 mushroom powder as a novel food pursuant to Regulation (EU) 2015/2283,21-01-2020,28 November 2019,NDA (collab), vitamin D2 mushroom powder ," Oakshire Naturals, LP ",,new dossier,,,"Microorganisms, fungi or algae",Ruth ROLDAN TORRES,,
"EFSA-Q-2005-179,EFSA-Q-2007-079",10.2903/j.efsa.2008.822,"Vitamin K2 added for nutritional purposes in foods for particular nutritional uses, food supplements and foods intended for the general population and Vitamin K2 as a source of vitamin K added for nutritional purposes to foodstuffs, in the context of Regulation (EC) N° 258/97 ‐ Scientific Opinion of the Panel on Dietetic Products, Nutrition and Allergies",14-11-2008,2 October 2008,EFSA (collab) NDA (title),,,,nutrient source,2.1 (Complex NF),,,,,
EFSA-Q-2017-00040,10.2903/j.efsa.2017.4778,Statement on the safety of EstroG‐100™ as a novel food pursuant to Regulation (EC) No 258/97,08-05-2017,4 April 2017,NDA (collab), EstroG‐100™ ,,,new dossier,,,,Emanuela TURLA,,
EFSA-Q-2008-745,10.2903/j.efsa.2010.1601,Scientific Opinion on the safety of “conjugated linoleic acid (CLA)‐rich oil” (Clarinol®) as a Novel Food ingredient,21-05-2010,30 April 2010,NDA (collab), “conjugated linoleic acid (CLA)‐rich oil” (Clarinol®) ,,,new dossier,2.1 (Complex NF),,,,,
EFSA-Q-2012-00300,10.2903/j.efsa.2012.2700,Statement on the safety of the “conjugated linoleic acid (CLA) rich oils” Clarinol® and Tonalin® TG 80 as Novel Food ingredients,03-05-2012,27 April 2012,NDA (collab), the “conjugated linoleic acid (CLA) rich oils” Clarinol® and Tonalin® TG 80 ,,,new dossier,,,,,,
EFSA-Q-2020-00393,10.2903/j.efsa.2021.6602,Safety of extended uses of UV‐treated baker's yeast as a Novel Food pursuant to Regulation (EU) 2015/2283,30-06-2021,28 April 2021,NDA (collab), extended uses of UV‐treated baker's yeast , Lallemand Bio-Ingredients Division ,,extension of use,,,,Wolfgang GELBMANN,,
EFSA-Q-2018-00280,10.2903/j.efsa.2019.5718,Safety of phenylcapsaicin as a novel food pursuant to Regulation (EU) 2015/2283,14-06-2019,15 May 2019,NDA (collab), phenylcapsaicin ," aXichem AB, ",,new dossier,,,Modified molecular structure,,,
EFSA-Q-2020-00309,10.2903/j.efsa.2022.7329,Safety of 3‐fucosyllactose (3‐FL) produced by a derivative strain of Escherichia coli BL21 (DE3) as a Novel Food pursuant to Regulation (EU) 2015/2283,25-05-2022,29 April 2022,NDA (collab), 3‐fucosyllactose (3‐FL) produced by derivative strain of Escherichia coli BL21 (DE3) , Chr.Hansen A/S ,,new dossier,,,"Microorganisms, fungi or algae+ Modified molecular structure","Paolo COLOMBO, Estefania NORIEGA, Estefania FERNANDEZ",,
EFSA-Q-2018-00609,10.2903/j.efsa.2024.8491,Safety of isomaltulose syrup (dried) as a novel food pursuant to Regulation (EU) 2015/2283,22-01-2024,29 November 2023,NDA  , isomaltulose syrup (dried) ,Evonik Creavis GmbH,,new dossier,,,Modified molecular structure,,,
EFSA-Q-2019-00388,10.2903/j.efsa.2024.8492,Safety of HelixComplex snail mucus (HSM) as a novel food pursuant to Regulation (EU) 2015/2283,24-01-2024,29 November 2023,NDA ,HelixComplex snail mucus (HSM),HelixPharma Srl,,new dossier,,,Animals,,,
EFSA-Q-2023-00604,10.2903/j.efsa.2024.8520,Scientific and technical assistance to the evaluation of the safety of calcidiol monohydrate as a novel food,25-01-2024,7 December 2023,NDA ,calcidiol monohydrate,EirGen Pharma Ltd,,extension of use,,,,,,
EFSA-Q-2023-00632,10.2903/sp.efsa.2024.EN-8571,Technical Report on the notification of dried seeds and flour thereof of Vigna subterranea (L.) Verdc. as a traditional food from a third country pursuant to Article 14 of Regulation (EU) 2015/2283,29-01-2024,29 January 2024,EFSA ,dried seeds and flour thereof of Vigna subterranea (L.) Verdc.,WhatIF F&I Pte Ltd,,traditional food,,,,,https://efsa.onlinelibrary.wiley.com/doi/epdf/10.2903/sp.efsa.2024.EN-8571,
EFSA-Q-2021-00185,10.2903/j.efsa.2024.8543,Extension of use of isomalto-oligosaccharide as a novel food pursuant to Regulation (EU) 2015/2283,05-02-2024,5 February 2024,NDA ,isomalto-oligosaccharide,BioNeutra North America Inc.,,extension of use,,,Modified molecular structure,,https://efsa.onlinelibrary.wiley.com/doi/epdf/10.2903/j.efsa.2024.8543,
EFSA-Q-2019-00536,10.2903/j.efsa.2024.8645,Safety of ashitaba sap as a Novel food pursuant to Regulation (EU) 2015/2283,11-03-2024,11 March 2024,NDA, ashitaba sap,Japan Bio Science Laboratory (JBSL)-USA,,new dossier,,,Plants,,https://efsa.onlinelibrary.wiley.com/doi/full/10.2903/j.efsa.2024.8645,
EFSA-Q-2021-00203,10.2903/j.efsa.2024.8656,Safety of magnesium l-threonate as a novel food pursuant to regulation (EU) 2015/2283 and bioavailability of magnesium from this source in the context of Directive 2002/46/EC,13-03-2024,30 January 2023,NDA,magnesium l-threonate,AIDP Inc.,,"new dossier, nutrient source",,,"Vitamins, minerals",,https://efsa.onlinelibrary.wiley.com/doi/full/10.2903/j.efsa.2024.8656,
EFSA-Q-2020-00849,10.2903/j.efsa.2024.8817,Safety of vitamin D2 mushroom powder as a Novel food pursuant to Regulation (EU) 2015/2283 (NF 2020/2226),12-06-2024,30 April 2024,NDA,vitamin D2 mushroom powder,Luxidum GmbH,,new dossier,,,"Microorganisms, fungi or algae",,https://efsa.onlinelibrary.wiley.com/doi/full/10.2903/j.efsa.2024.8817,NF 2020/2226
